ID Clients;Numero de compte;Identifiant operation;Type de transaction;Status operation;Localisation;Date;Montant
519;85159.0;TR8/0009;Paiement électronique;En attente;Kolda;2024-12-04 09:30:00;950000
520;85052.0;TR8/0017;Paiement en ligne;Validé;Oussouye;2024-12-03 11:45:00;18000
519;85159.0;TR8/0020;Paiement en ligne;Validé;Richard Toll;2024-10-04 15:15:00;225000
505;85305.0;TR1/001800;Paiement électronique;Validé;Kédougou;2024-10-04 14:00:00;2500000
504;85405.0;TR1/000900;Paiement électronique;En attente;Kédougou;2024-10-04 13:00:00;2000000
519;85159.0;TR8/0003;Paiement électronique;Validé;Saint Louis;2024-10-02 09:15:00;450000
520;85052.0;TR8/0011;Paiement en ligne;Validé;Louga;2024-10-01 11:15:00;100000
505;85305.0;TR1/001100;Paiement en ligne;Validé;Dakar;2024-10-01 09:00:00;800000
10037;8513007.0;TR218/0025;ATM;Validé;Dakar;2024-07-01 09:15:00;8000
10220;8512020.0;TR209/00025;ATM;Validé;Dakar;2024-07-01 09:00:00;5000
1003;851300.0;TR202/00025;Paiement électronique;Echoué;Saint Louis;2024-06-30 17:53:00;950000
1003;851300.0;TR202/00024;ATM;Validé;Ziguinchor;2024-06-25 13:24:00;5000
10240;8541010.0;TR209/00024;ATM;Validé;Ziguinchor;2024-06-25 10:00:00;2500
10240;8541010.0;TR209/00023;Paiement électronique;Validé;Tivaouane;2024-06-20 11:00:00;90000
1003;851300.0;TR202/00023;Paiement électronique;En attente;Diourbel;2024-06-18 12:30:00;450000
10240;8541010.0;TR209/00022;Paiement en ligne;En attente;Dakar;2024-06-12 14:00:00;50000
1003;851300.0;TR202/00022;Paiement en ligne;Validé;Thiès;2024-06-12 10:26:00;110000
1003;851300.0;TR202/00021;ATM;Validé;Dakar;2024-06-05 07:49:00;8000
10390;8510390.0;TR218/0024;Paiement électronique;Validé;Bambey;2024-06-04 21:00:00;30000
10390;8510390.0;TR218/0023;ATM;En attente;Matam;2024-06-03 17:45:00;200000
1004;851040.0;TR202/00020;Paiement électronique;Echoué;Kédougou;2024-06-03 12:17:00;750000
10390;8510390.0;TR218/0022;Paiement en ligne;Validé;Louga;2024-06-02 14:30:00;10000
10390;8510390.0;TR218/0021;Paiement électronique;Echoué;Diourbel;2024-06-01 09:15:00;50000
10240;8541010.0;TR209/00021;ATM;Echoué;Kaolack;2024-06-01 09:00:00;1000
1004;851040.0;TR202/00019;Paiement en ligne;Validé;Fatick;2024-05-31 16:03:00;120000
1023;851032.0;TR208/9234;Paiement en ligne;En attente;Tivaouane;2024-05-30 16:10:00;20000
1022;851202.0;TR208/5901;ATM;Validé;Gossas;2024-05-28 12:15:00;20000
1004;851040.0;TR202/00018;ATM;Validé;Louga;2024-05-25 14:21:00;2000
1024;854101.0;TR208/4567;Paiement électronique;Echoué;Saint Louis;2024-05-25 13:40:00;450000
10230;8510320.0;TR209/00020;ATM;Validé;Thiès;2024-05-25 10:00:00;3000
1023;851032.0;TR208/8765;Paiement en ligne;En attente;Pikine;2024-05-22 23:35:00;37000
10230;8510320.0;TR209/00019;Paiement électronique;Validé;Diourbel;2024-05-20 12:00:00;85000
1022;851202.0;TR208/3912;ATM;Validé;Mbacké;2024-05-20 10:00:00;8000
1024;854101.0;TR208/2890;Paiement électronique;Echoué;Oussouye;2024-05-16 17:25:00;750000
1004;851040.0;TR202/00017;Paiement électronique;En attente;Kaolack;2024-05-15 11:35:00;550000
1023;851032.0;TR208/9567;Paiement en ligne;En attente;Bignona;2024-05-13 07:10:00;10000
1022;851202.0;TR208/4789;ATM;Validé;Vélingara;2024-05-10 22:20:00;15000
10230;8510320.0;TR209/00018;Paiement en ligne;Validé;Dakar;2024-05-10 16:00:00;45000
1024;854101.0;TR208/1236;Paiement électronique;Echoué;Guinguinéo;2024-05-06 13:00:00;800000
1004;851040.0;TR202/00016;Paiement en ligne;Validé;Tambacounda;2024-05-05 13:18:00;100000
504;85405.0;TR1/002000;Paiement en ligne;Validé;Dakar;2024-05-05 09:00:00;5000000
10308;8501083.0;TR218/0020;ATM;Validé;Kaolack;2024-05-04 21:00:00;20000
1023;851032.0;TR208/8345;Paiement en ligne;En attente;Nioro;2024-05-04 20:50:00;20000
504;85405.0;TR1/000800;Paiement en ligne;Validé;Ziguinchor;2024-05-04 11:00:00;1000000
10308;8501083.0;TR218/0019;Paiement en ligne;En attente;Fatick;2024-05-03 17:45:00;1500
520;85052.0;TR8/0005;Paiement en ligne;Validé;Ziguinchor;2024-05-03 11:30:00;15000
505;85305.0;TR1/000500;Paiement en ligne;Validé;Dakar;2024-05-03 10:00:00;200000
1022;851202.0;TR208/3690;ATM;Validé;Foundiougne;2024-05-02 15:45:00;6000
10308;8501083.0;TR218/0018;Paiement électronique;Echoué;Kolda;2024-05-02 14:30:00;90000
520;85052.0;TR8/0013;ATM;Validé;Kaffrine;2024-05-02 10:45:00;8000
504;85405.0;TR1/000300;Paiement électronique;Echoué;Saint Louis;2024-05-02 09:00:00;100000
505;85305.0;TR1/001300;ATM;Echoué;Saint Louis;2024-05-02 08:00:00;120000
10230;8510320.0;TR209/00017;ATM;Echoué;Tambacounda;2024-05-01 11:00:00;2000
1003;851300.0;TR202/00015;Paiement électronique;Echoué;Saint Louis;2024-05-01 10:01:00;500000
514;85451.0;TR5/0011;Paiement en ligne;Echoué;Kolda;2024-04-30 16:50:00;1234
52369;8542198.0;TR2IJKL9;ATM;Validé;Mbacké;2024-04-30 16:00:00;3000
50785;850578.0;TR2UVWX1;Paiement en ligne;Validé;Louga;2024-04-30 14:00:00;8000
1031;851301.0; TR215/0025;ATM;Validé;Ziguinchor;2024-04-30 11:30:00;350000
1011;851101.0;TR204\_0/25;ATM;Validé;Dakar;2024-04-30 10:00:00;5000
10250;8512005.0;TR211/00025;Paiement en ligne;Validé;Dakar;2024-04-30 10:00:00;90000
511;85151.0;TR4/0020;ATM;Validé;Dakar;2024-04-30 09:30:00;10000
1005;851500.0;TR203/0015;Paiement électronique;Validé;Tivaouane;2024-04-29 14:00:00;400000
1024;854101.0;TR208/2468;Paiement électronique;Echoué;Kaffrine;2024-04-29 09:00:00;650000
1009;851900.0;TR204/00025;ATM;Validé;Bignona;2024-04-29 08:45:00;40000
50321;85458321.0;TR1KLM2N;ATM;Validé;Ziguinchor;2024-04-28 18:00:00;3000
50462;850578.0;TR3LPN8V;ATM;En attente;Diourbel;2024-04-28 13:45:00;4000
526;85652.0;TR010/0020;ATM;Validé;Kédougou;2024-04-28 13:30:00;2000
51234;859999.0;TR1OPQR4;Paiement électronique;Validé;Bamako;2024-04-28 13:00:00;6000
513;85153.0;TR5/0010;ATM;En attente;Tivaouane;2024-04-28 07:05:00;1236
1018;858101.0;TR206/00024;ATM;Echoué;Bambey;2024-04-27 11:00:00;3000000
1003;851300.0;TR202/00014;ATM;Validé;Ziguinchor;2024-04-25 15:45:00;4000
511;85151.0;TR4/0019;Paiement électronique;Validé;Tambacounda;2024-04-25 15:30:00;200000
100300;85001030.0;TR214/00024;ATM;Validé;Kaolack;2024-04-25 15:00:00;17000
539;85359.0;TR105/0011;Paiement en ligne;En attente;Dakar;2024-04-25 15:00:00;90000
1023;851032.0;TR208/9123;Paiement en ligne;En attente;Sédhiou;2024-04-25 14:35:00;25000
50512;85123456.0;TR8XYZ9H;Paiement électronique;Validé;Dakar;2024-04-25 14:15:00;150000
52369;8542198.0;TR5EFGH8;Paiement en ligne;Validé;Diourbel;2024-04-25 14:00:00;25000
10250;8512005.0;TR211/00016;ATM;Echoué;Podor;2024-04-25 12:30:00;1000
1012;851021.0;TR204\_0/24;Paiement électronique;Echoué;Kolda;2024-04-25 12:30:00;700000
513;85153.0;TR5/0020;Paiement en ligne;Validé;Kanel;2024-04-25 12:25:00;10000000
513;85153.0;TR5/0009;Paiement électronique;Validé;Richard Toll;2024-04-25 12:20:00;2500000
525;85255.0;TR010/0010;ATM;Validé;Kédougou;2024-04-25 12:15:00;1800
1014;851041.0;TR205/00018;Paiement électronique;Validé;Saint Louis;2024-04-25 12:00:00;2200000
50785;850578.0;TR5PQRS7;Paiement électronique;Validé;Diourbel;2024-04-25 12:00:00;25000
51234;859999.0;TR5KLMN3;ATM;Validé;Kédougou;2024-04-25 11:00:00;4000
100300;85001030.0;TR214/00012;ATM;Validé;Kaolack;2024-04-25 11:00:00;33000
1036;851036.0;TR216/0022;ATM;Validé;Dakar;2024-04-25 10:15:00;40000
1016;851601.0;TR206/00016;ATM;Echoué;Rufisque;2024-04-25 10:00:00;4000000
10220;8512020.0;TR209/00016;ATM;Validé;Dakar;2024-04-25 09:30:00;15000
500;85500.0;TR0/00013;ATM;En attente;Matam;2024-04-25 08:00:00;6000000
10260;8510062.0;TR211/00020;Paiement en ligne;Validé;Dakar;2024-04-23 17:00:00;110000
1039;851039.0;TR217/025;ATM;Validé;Kaolack;2024-04-23 15:45:00;4000
1022;851202.0;TR208/5789;ATM;Validé;Rufisque;2024-04-23 07:50:00;5000
1036;851036.0;TR216/0012;Paiement électronique;Validé;Touba;2024-04-22 15:10:00;1000000
1010;851001.0;TR204/00024;Paiement électronique;Validé;Rufisque;2024-04-22 12:30:00;1600000
1031;851301.0; TR215/0016;ATM;Validé;Dakar;2024-04-22 10:00:00;200000
50139;85893421.0;TR6LKU3P;Paiement en ligne;Echoué;Tambacounda;2024-04-22 09:30:00;40000
1025;851205.0;TR210/1016;ATM;Validé;Thiès;2024-04-21 10:00:00;5000
515;85155.0;TR6/18;Paiement électronique;Validé;Ziguinchor;2024-04-21 07:45:00;300000
1014;851041.0;TR205/00025;ATM;Validé;Saint Louis;2024-04-20 21:30:00;80000
1006;851060.0;TR203/0021;Paiement électronique;En attente;Dakar;2024-04-20 17:00:00;500000
1012;851021.0;TR204\_0/23;Paiement en ligne;En attente;Ziguinchor;2024-04-20 17:00:00;90000
50743;85458321.0;TR9XZB3N;Paiement en ligne;Validé;Kaolack;2024-04-20 16:00:00;8000
511;85151.0;TR4/0018;ATM;En attente;Dakar;2024-04-20 13:55:00;4000
501;85501.0;TR0/00012;Paiement électronique;Echoué;Louga;2024-04-20 13:45:00;1500000
1042;852104.0;TR219/023;Paiement électronique;Validé;Matam;2024-04-20 13:00:00;25000
505;85505.0;TR1/0020;Paiement en ligne;Validé;Diourbel;2024-04-20 12:00:00;150000
515;85155.0;TR6/7;ATM;Validé;Tambacounda;2024-04-20 11:20:00;20000
508;85058.0;TR1/00510012;Paiement électronique;Validé;Louga;2024-04-20 10:00:00;150000
540;85054.0;TR105/0009;ATM;Validé;Kolda;2024-04-20 10:00:00;10000
10220;8512020.0;TR209/00015;Paiement électronique;En attente;Saint Louis;2024-04-20 10:00:00;75000
539;85359.0;TR105/0010;ATM;Validé;Saint Louis;2024-04-20 09:45:00;2000
10270;8507102.0;TR211/00023;Paiement en ligne;Validé;Fatick;2024-04-20 09:40:00;60000
50321;85458321.0;TR9IJH3G;Paiement en ligne;Echoué;Saint Louis;2024-04-20 09:00:00;15000
516;85651.0;TR6/13;ATM;Validé;Ziguinchor;2024-04-20 09:00:00;22000
514;85451.0;TR5/0008;Paiement en ligne;Validé;Dakar;2024-04-19 15:46:00;350000
1003;851300.0;TR202/00013;Paiement électronique;En attente;Diourbel;2024-04-18 18:31:00;350000
100300;85001030.0;TR214/00011;Paiement électronique;Validé;Kolda;2024-04-18 18:00:00;850000
530;85053.0;TR111/00020;Paiement en ligne;En attente;Dakar;2024-04-18 17:15:00;1000000
1024;854101.0;TR208/4678;Paiement électronique;Echoué;Louga;2024-04-18 16:25:00;550000
10250;8512005.0;TR211/00015;Paiement électronique;Validé;Richard-Toll;2024-04-18 16:00:00;300000
1006;851060.0;TR203/0019;ATM;Validé;Podor;2024-04-18 15:45:00;4000
50987;85342111.0;TR9NMK4X;Paiement électronique;Validé;Matam;2024-04-18 14:30:00;90000
1038;851083.0;TR217/024;Paiement électronique;Echoué;Ziguinchor;2024-04-18 12:30:00;800000
1006;851060.0;TR203/0017;Paiement en ligne;Echoué;Louga;2024-04-17 12:15:00;65000
1007;851700.0;TR204/00024;Paiement électronique;Echoué;Dakar;2024-04-17 11:45:00;5000000
100300;85001030.0;TR214/00023;Paiement électronique;Validé;Kolda;2024-04-17 10:15:00;990000
1017;851071.0;TR206/00008;ATM;Echoué;Kolda;2024-04-17 10:00:00;2000000
1033;851033.0; TR215/0024;Paiement électronique;Validé;Dakar;2024-04-17 09:00:00;1000000
1009;851900.0;TR204/00011;Paiement en ligne;En attente;Dakar;2024-04-16 16:30:00;850000
10300;8501030.0;TR213/00024;Paiement électronique;Echoué;Mbour;2024-04-16 14:50:00;25000
1008;851080.0;TR204/00016;Paiement électronique;Echoué;Dakar;2024-04-16 09:00:00;4000000
1007;851700.0;TR204/00008;Paiement électronique;Echoué;Dakar;2024-04-15 17:45:00;3000000
1018;858101.0;TR206/00023;Paiement électronique;En attente;Ranérou;2024-04-15 17:30:00;6000000
551;85551.0;TR200/66666;Paiement en ligne;Validé;Kaolack;2024-04-15 17:00:00;600000
507;85705.0;TR1/00510011;Paiement en ligne;Validé;Tivaouane;2024-04-15 16:30:00;100000
1009;851900.0;TR204/00023;Paiement en ligne;En attente;Tivaouane;2024-04-15 16:10:00;820000
552;85552.0;TR200/1234567;Paiement électronique;Validé;Kolda;2024-04-15 16:00:00;1000000
1015;855101.0;TR205/00020;Paiement en ligne;Echoué;Kaolack;2024-04-15 16:00:00;700000
1032;851023.0; TR215/0008;Paiement en ligne;Validé;Dakar;2024-04-15 16:00:00;800000
10280;8501208.0;TR213/00016;ATM;Echoué;Ziguinchor;2024-04-15 15:45:00;2500
535;85355.0;TR103/0020;ATM;Validé;Dagana;2024-04-15 15:45:00;5000
511;85151.0;TR4/0017;Paiement en ligne;Validé;Saint Louis;2024-04-15 15:15:00;50000
544;85254.0;TR107/0015;ATM;Echoué;Kebemer;2024-04-15 15:00:00;15000
544;85254.0;TR107/0008;ATM;Echoué;Thiès;2024-04-15 15:00:00;12000
10220;8512020.0;TR209/00014;Paiement en ligne;Validé;Thiès;2024-04-15 14:30:00;25000
1012;851021.0;TR204\_0/22;ATM;Validé;Tambacounda;2024-04-15 14:15:00;5500
1019;851901.0;TR207/000016;Paiement en ligne;En attente;Dakar;2024-04-15 13:00:00;60000
1023;851032.0;TR208/8901;Paiement en ligne;En attente;Podor;2024-04-15 12:05:00;40000
526;85652.0;TR010/0019;Paiement électronique;Validé;Fatick;2024-04-15 11:55:00;10000000
10260;8510062.0;TR211/00019;Paiement électronique;Echoué;Matam;2024-04-15 11:50:00;180000
1036;851036.0;TR216/0021;Paiement électronique;En attente;Tambacounda;2024-04-15 11:50:00;900000
1014;851041.0;TR205/00017;Paiement en ligne;En attente;Dakar;2024-04-15 11:30:00;900000
549;85459.0;TR110/00011;Paiement en ligne;En attente;Kolda;2024-04-15 11:00:00;100000
516;85651.0;TR6/12;Paiement électronique;Validé;Thiès;2024-04-15 10:45:00;250000
500;85500.0;TR0/00011;Paiement en ligne;Validé;Dakar;2024-04-15 10:15:00;4000000
1014;851041.0;TR205/00008;Paiement en ligne;Validé;Dakar;2024-04-15 09:00:00;800000
515;85155.0;TR6/6;Paiement électronique;En attente;Ziguinchor;2024-04-15 08:45:00;150000
515;85155.0;TR6/17;Paiement en ligne;Validé;Thiès;2024-04-14 13:30:00;60000
514;85451.0;TR5/0019;ATM;Echoué;Oussouye;2024-04-14 11:30:00;3000
1005;851500.0;TR203/0014;Paiement en ligne;Validé;Dakar;2024-04-14 10:30:00;90000
525;85255.0;TR010/0009;Paiement électronique;Validé;Fatick;2024-04-14 10:00:00;9000000
514;85451.0;TR5/0007;ATM;Echoué;Kaolack;2024-04-14 08:55:00;25555
1038;851083.0;TR217/023;Paiement en ligne;En attente;Kolda;2024-04-13 09:00:00;60000
1022;851202.0;TR208/2567;ATM;Validé;Kolda;2024-04-12 21:10:00;18000
10290;8510092.0;TR213/00008;Paiement en ligne;Echoué;Kédougou;2024-04-12 13:00:00;75000
1036;851036.0;TR216/0011;Paiement en ligne;Validé;Ziguinchor;2024-04-12 10:30:00;250000
10250;8512005.0;TR211/00014;Paiement en ligne;En attente;Dakar;2024-04-12 08:50:00;70000
1020;851002.0;TR207/000015;Paiement électronique;Validé;Kaolack;2024-04-12 07:50:00;150000
534;85453.0;TR102/04-11-24;Paiement en ligne;Validé;Saint Louis;2024-04-11 16:05:00;36000
1016;851601.0;TR206/00015;Paiement électronique;En attente;Louga;2024-04-11 16:00:00;7000000
1025;851205.0;TR210/1015;Paiement électronique;En attente;Diourbel;2024-04-11 16:00:00;70000
100300;85001030.0;TR214/00022;Paiement en ligne;Validé;Ziguinchor;2024-04-11 14:30:00;420000
100300;85001030.0;TR214/00010;Paiement en ligne;Validé;Ziguinchor;2024-04-11 13:30:00;270000
10270;8507102.0;TR211/00022;Paiement électronique;En attente;Dakar;2024-04-10 21:30:00;220000
1014;851041.0;TR205/00024;Paiement électronique;Validé;Dakar;2024-04-10 20:00:00;3500000
1027;857102.0;TR210/1025;ATM;Validé;Tambacounda;2024-04-10 16:00:00;5000
501;85501.0;TR0/00010;ATM;En attente;Fatick;2024-04-10 15:30:00;7000000
505;85505.0;TR1/0019;ATM;Validé;Dakar;2024-04-10 15:30:00;10000
1015;855101.0;TR205/00019;ATM;Validé;Dakar;2024-04-10 14:30:00;40000
549;85459.0;TR110/00020;Paiement électronique;Validé;Pikine;2024-04-10 14:30:00;800000
549;85459.0;TR110/00010;ATM;Validé;Kédougou;2024-04-10 14:30:00;10000
1040;851400.0;TR219/015;ATM;Validé;Bambey;2024-04-10 13:00:00;7500
539;85359.0;TR105/0009;Paiement électronique;Echoué;Thiès;2024-04-10 11:30:00;190000
540;85054.0;TR105/0008;Paiement électronique;Echoué;Kaolack;2024-04-10 11:30:00;210000
1014;851041.0;TR205/00016;ATM;Validé;Thiès;2024-04-10 10:00:00;10000
1011;851101.0;TR204\_0/21;Paiement électronique;Echoué;Saint Louis;2024-04-10 09:45:00;600000
536;85653.0;TR103/0019;Paiement en ligne;En attente;Bounkiling;2024-04-10 09:30:00;100000
1003;851300.0;TR202/00012;Paiement en ligne;Validé;Thiès;2024-04-10 08:23:00;90000
1010;851001.0;TR204/00010;ATM;Echoué;Fatick;2024-04-09 12:10:00;15000
1038;851083.0;TR217/022;ATM;Validé;Tambacounda;2024-04-08 17:00:00;3000
1031;851301.0; TR215/0015;Paiement électronique;Echoué;Ziguinchor;2024-04-08 16:45:00;900000
1036;851036.0;TR216/0010;ATM;Echoué;Dakar;2024-04-08 13:55:00;180000
1010;851001.0;TR204/00022;ATM;Echoué;Bambey;2024-04-08 12:00:00;10000
1041;851041.0;TR219/008;Paiement en ligne;Validé;Kaolack;2024-04-08 10:30:00;3000
1021;851101.0;TR207/000014;ATM;Echoué;Ziguinchor;2024-04-07 16:02:00;3000
514;85451.0;TR5/0006;Paiement électronique;En attente;Diourbel;2024-04-07 14:11:00;13000
1036;851036.0;TR216/0020;Paiement en ligne;Validé;Ziguinchor;2024-04-07 12:00:00;400000
512;85251.0;TR4/0016;Paiement électronique;Echoué;Ziguinchor;2024-04-07 11:00:00;10000
1024;854101.0;TR208/1357;Paiement électronique;Echoué;Bambey;2024-04-07 10:55:00;700000
10260;8510062.0;TR211/00018;ATM;En attente;Louga;2024-04-07 10:00:00;4000
525;85255.0;TR010/0008;Paiement en ligne;Validé;Kaolack;2024-04-06 14:15:00;4000000
1011;851101.0;TR204\_0/20;Paiement en ligne;En attente;Thiès;2024-04-05 15:30:00;75000
526;85652.0;TR010/0018;Paiement en ligne;Validé;Kaolack;2024-04-05 15:20:00;5000000
510;85051.0;TR3/0020;Paiement en ligne;Validé;Bakel;2024-04-05 14:30:00;2500000
533;85353.0;TR102/04-05-24;Paiement électronique;Validé;Ziguinchor;2024-04-05 14:20:00;82500
1019;851901.0;TR207/000013;Paiement en ligne;En attente;Dakar;2024-04-05 14:15:00;40000
535;85355.0;TR103/0018;Paiement électronique;Echoué;Podor;2024-04-05 13:15:00;1300000
539;85359.0;TR105/0008;Paiement en ligne;En attente;Dakar;2024-04-05 13:00:00;65000
1026;851062.0;TR210/1008;Paiement en ligne;Echoué;Kolda;2024-04-05 13:00:00;80000
512;85251.0;TR4/0015;ATM;Validé;Dakar;2024-04-05 12:30:00;2500
532;85253.0;TR101/00020;ATM;Validé;Dakar;2024-04-05 11:45:00;2500
10300;8501030.0;TR213/00023;Paiement en ligne;Validé;Fatick;2024-04-05 10:30:00;95000
501;85501.0;TR0/00020;Paiement en ligne;Validé;Dakar;2024-04-05 10:30:00;11000000
100300;85001030.0;TR214/00009;ATM;Validé;Ziguinchor;2024-04-05 10:00:00;22000
1006;851060.0;TR203/0020;Paiement en ligne;Validé;Toubacouta;2024-04-05 10:00:00;85000
550;85055.0;TR110/00009;Paiement électronique;Validé;Matam;2024-04-05 09:00:00;1500000
10037;8513007.0;TR218/0016;Paiement électronique;Validé;Tambacounda;2024-04-04 21:00:00;4500
503;85503.0;TR00/0014;Paiement en ligne;En attente;Kaffrine;2024-04-04 21:00:00;70000
545;85455.0;TR108/00020;Paiement électronique;Validé;Tambacounda;2024-04-04 15:45:00;800000
1037;851307.0;TR217/021;Paiement électronique;Echoué;Saint Louis;2024-04-04 15:15:00;750000
10250;8512005.0;TR211/00013;ATM;Validé;Diourbel;2024-04-04 14:30:00;2000
1036;851036.0;TR216/0009;Paiement électronique;En attente;Tambacounda;2024-04-04 11:15:00;600000
1028;851208.0;TR212/0016;ATM;Echoué;Kebemer;2024-04-04 10:00:00;5000
1023;851032.0;TR208/7654;Paiement en ligne;En attente;Matam;2024-04-04 09:20:00;30000
544;85254.0;TR107/0014;Paiement électronique;Validé;Bambey;2024-04-04 08:00:00;85000
502;85502.0;TR00/0013;ATM;Validé;Sédhiou;2024-04-03 18:20:00;5500
10037;8513007.0;TR218/0015;Paiement en ligne;Echoué;Saint Louis;2024-04-03 17:45:00;225000
546;85654.0;TR108/00016;Paiement en ligne;Validé;Tambacounda;2024-04-03 17:45:00;120000
514;85451.0;TR5/0018;Paiement électronique;En attente;Dahra;2024-04-03 16:20:00;89550
1033;851033.0; TR215/0023;Paiement en ligne;Echoué;Kaolack;2024-04-03 15:45:00;1200000
1017;851071.0;TR206/00007;Paiement électronique;En attente;Matam;2024-04-03 15:15:00;5000000
519;85159.0;TR8/0016;ATM;Echoué;Goundam;2024-04-03 14:00:00;7000
1007;851700.0;TR204/00023;ATM;Validé;Kaolack;2024-04-03 12:30:00;60000
10270;8507102.0;TR211/00021;ATM;Validé;Kolda;2024-04-03 12:20:00;3500
1003;851300.0;TR202/00011;ATM;Validé;Dakar;2024-04-03 11:50:00;6000
1006;851060.0;TR203/0018;Paiement électronique;Validé;Matam;2024-04-03 11:30:00;125000
505;85505.0;TR1/0018;Paiement électronique;Validé;Saint Louis;2024-04-03 10:15:00;600000
10280;8501208.0;TR213/00015;Paiement électronique;Validé;Saint Louis;2024-04-03 10:15:00;100000
507;85705.0;TR1/00510009;Paiement électronique;En attente;Fatick;2024-04-03 09:30:00;60000
100300;85001030.0;TR214/00021;ATM;Validé;Ziguinchor;2024-04-03 09:00:00;25000
1029;851092.0;TR212/0015;Paiement en ligne;En attente;Bambey;2024-04-03 07:45:00;7500
1030;850103.0;TR212/0014;Paiement électronique;Validé;Podor;2024-04-02 17:00:00;95000
545;85455.0;TR108/00012;ATM;Validé;Tambacounda;2024-04-02 15:45:00;7000
10037;8513007.0;TR218/0014;ATM;Validé;Thiès;2024-04-02 14:30:00;15000
503;85503.0;TR00/0012;Paiement électronique;Echoué;Kédougou;2024-04-02 10:45:00;800000
1008;851080.0;TR204/00015;ATM;Validé;Kaolack;2024-04-02 10:45:00;80000
514;85451.0;TR5/0005;Paiement en ligne;Validé;Tambacounda;2024-04-02 10:25:00;7548
1009;851900.0;TR204/00009;Paiement électronique;Validé;Kaolack;2024-04-02 10:20:00;3000000
534;85453.0;TR102/04-02-24;Paiement électronique;Validé;Touba;2024-04-02 09:25:00;120000
1006;851060.0;TR203/0016;ATM;Validé;Cap Skirring;2024-04-02 09:00:00;1500
1032;851023.0; TR215/0007;ATM;Echoué;Tambacounda;2024-04-02 08:00:00;150000
10260;8510062.0;TR211/00017;Paiement en ligne;Validé;Dakar;2024-04-01 18:10:00;55000
545;85455.0;TR108/00004;Paiement électronique;Echoué;Tambacounda;2024-04-01 18:00:00;150000
546;85654.0;TR108/00008;ATM;En attente;Tambacounda;2024-04-01 17:15:00;5000
1007;851700.0;TR204/00007;ATM;Validé;Kaolack;2024-04-01 15:30:00;90000
1028;851208.0;TR212/0013;ATM;Validé;Richard Toll;2024-04-01 15:15:00;7000
535;85355.0;TR103/0017;ATM;Validé;Vélingara;2024-04-01 14:30:00;1000
502;85502.0;TR00/0011;Paiement en ligne;Validé;Matam;2024-04-01 13:50:00;40000
544;85254.0;TR107/0020;Paiement en ligne;Validé;Rufisque;2024-04-01 13:30:00;62000
1013;851301.0;TR205/00015;Paiement électronique;Echoué;Saint Louis;2024-04-01 12:30:00;4000000
531;85351.0;TR101/00010;ATM;Validé;Dakar;2024-04-01 11:30:00;2000
1041;851041.0;TR219/019;Paiement en ligne;Validé;Kanel;2024-04-01 11:00:00;5000
551;85551.0;TR200/55555;ATM;Validé;Fatick;2024-04-01 11:00:00;70000
1009;851900.0;TR204/00021;Paiement électronique;Validé;Vélingara;2024-04-01 10:00:00;1200000
1011;851101.0;TR204\_0/19;ATM;Validé;Dakar;2024-04-01 10:00:00;4500
552;85552.0;TR200/567890;Paiement en ligne;Validé;Ziguinchor;2024-04-01 10:00:00;250000
540;85054.0;TR105/0007;Paiement en ligne;En attente;Dakar;2024-04-01 10:00:00;70000
10037;8513007.0;TR218/0013;Paiement électronique;En attente;Dakar;2024-04-01 09:15:00;3000
10220;8512020.0;TR209/00013;ATM;Validé;Dakar;2024-04-01 09:00:00;5000
552;85552.0;TR200/54321;Paiement électronique;En attente;Tambacounda;2024-04-01 09:00:00;900000
500;85500.0;TR0/00009;Paiement électronique;Validé;Diourbel;2024-04-01 09:00:00;25000
10290;8510092.0;TR213/00007;ATM;Validé;Diourbel;2024-04-01 08:35:00;5000
544;85254.0;TR107/0007;Paiement électronique;En attente;Kaolack;2024-04-01 08:00:00;90000
1025;851205.0;TR210/1014;Paiement en ligne;Validé;Dakar;2024-04-01 08:00:00;20000
100290;85010092.0;TR214/00008;ATM;En attente;Dakar;2024-03-31 23:59:00;40000
1022;851202.0;TR208/3456;ATM;Validé;Fatick;2024-03-31 18:40:00;3000
505;85505.0;TR1/0008;Paiement en ligne;Validé;Kaolack;2024-03-31 17:20:00;100000
100290;85010092.0;TR214/00020;ATM;Validé;Dakar;2024-03-31 13:00:00;30000
1037;851307.0;TR217/020;Paiement en ligne;En attente;Diourbel;2024-03-31 12:30:00;50000
506;85605.0;TR1/0017;Paiement en ligne;Validé;Dakar;2024-03-31 11:50:00;250000
10270;8507102.0;TR211/00012;Paiement en ligne;Validé;Dakar;2024-03-31 11:00:00;100000
512;85251.0;TR4/0014;Paiement électronique;Validé;Tambacounda;2024-03-31 09:45:00;15000
1006;851060.0;TR203/0013;ATM;Validé;Kédougou;2024-03-31 08:00:00;3500
1035;851053.0;TR216/0019;ATM;Echoué;Dakar;2024-03-30 15:35:00;10000
514;85451.0;TR5/0017;Paiement en ligne;Validé;Linguère;2024-03-30 12:45:00;4500000
1014;851041.0;TR205/00007;ATM;Validé;Saint Louis;2024-03-30 11:30:00;50000
532;85253.0;TR101/00019;Paiement en ligne;Validé;Kaolack;2024-03-30 10:45:00;16000
1021;851101.0;TR207/000012;ATM;Validé;Kolda;2024-03-30 10:45:00;4000
510;85590.0;TR3/0019;ATM;Validé;Diamniadio;2024-03-30 09:15:00;160000
512;85251.0;TR4/0013;Paiement en ligne;En attente;Saint Louis;2024-03-29 10:00:00;4000
1018;858101.0;TR206/00022;Paiement en ligne;Validé;Goudiry;2024-03-28 11:15:00;1200000
1027;857102.0;TR210/1024;Paiement électronique;Echoué;Saly;2024-03-28 10:00:00;200000
1024;854101.0;TR208/2987;Paiement électronique;Echoué;Tambacounda;2024-03-27 12:15:00;600000
1037;851307.0;TR217/019;ATM;Validé;Dakar;2024-03-26 09:00:00;2500
513;85153.0;TR5/0016;ATM;Validé;Kebemer;2024-03-26 08:00:00;150000
1020;851002.0;TR207/000011;Paiement électronique;Validé;Tambacounda;2024-03-25 21:10:00;220000
10270;8507102.0;TR211/00011;Paiement électronique;En attente;Thies;2024-03-25 19:20:00;120000
1005;851500.0;TR203/0006;Paiement électronique;Validé;Kaolack;2024-03-25 15:15:00;250000
508;85058.0;TR1/00510020;Paiement en ligne;Validé;Ndioum;2024-03-25 15:00:00;55000
1002;851020.0;TR201/00020;ATM;En attente;Fatick;2024-03-25 13:30:00;25000
1012;851021.0;TR204\_0/18;Paiement électronique;Echoué;Kolda;2024-03-25 12:30:00;500000
1031;851301.0; TR215/0014;Paiement en ligne;En attente;Saint Louis;2024-03-25 12:00:00;150000
509;85051.0;TR3/0018;Paiement électronique;Echoué;Bignona;2024-03-25 11:00:00;4000
1026;851062.0;TR210/1007;Paiement électronique;Validé;Tambacounda;2024-03-25 11:00:00;100000
536;85653.0;TR103/0016;Paiement électronique;Echoué;Bambey;2024-03-25 10:45:00;800000
539;85359.0;TR105/0007;ATM;Validé;Kaolack;2024-03-25 10:00:00;4000
10240;8541010.0;TR209/00012;ATM;Validé;Ziguinchor;2024-03-25 10:00:00;2500
540;85054.0;TR105/0006;ATM;Validé;Kolda;2024-03-25 10:00:00;5000
531;85351.0;TR101/00009;Paiement en ligne;Validé;Diourbel;2024-03-25 09:00:00;13000
1035;851053.0;TR216/0008;Paiement en ligne;Validé;Saint Louis;2024-03-25 08:45:00;350000
1023;851032.0;TR208/8765;Paiement en ligne;En attente;Kédougou;2024-03-24 08:50:00;45000
513;85153.0;TR5/0015;Paiement électronique;Echoué;Bambey;2024-03-23 20:42:00;12000
513;85153.0;TR5/0004;ATM;Validé;Ziguinchor;2024-03-23 20:31:00;18956
506;85605.0;TR1/0016;ATM;Validé;Kaolack;2024-03-23 17:00:00;2000
1035;851053.0;TR216/0018;Paiement électronique;Validé;Kaolack;2024-03-23 09:00:00;1500000
1039;851039.0;TR217/018;Paiement électronique;Echoué;Matam;2024-03-22 15:15:00;900000
50785;850578.0;TR8JKLM9;ATM;Echoué;Fatick;2024-03-22 15:00:00;10000
525;85255.0;TR010/0007;ATM;Echoué;Kolda;2024-03-22 13:35:00;3000
1016;851601.0;TR206/00014;Paiement en ligne;Validé;Tivaouane;2024-03-22 10:30:00;1000000
52369;8542198.0;TR9ABCD7;Paiement électronique;Echoué;Tambacounda;2024-03-22 10:00:00;15000
533;85353.0;TR102/03-21-24;ATM;Echoué;Dakar;2024-03-21 22:30:00;3000
526;85652.0;TR010/0017;ATM;Echoué;Kolda;2024-03-21 14:30:00;4000
1035;851053.0;TR216/0007;ATM;Echoué;Dakar;2024-03-21 14:25:00;120000
100290;85010092.0;TR214/00019;Paiement électronique;Echoué;Tambacounda;2024-03-21 14:00:00;1500000
517;85157.0;TR7/789012;Paiement en ligne;En attente;Tivaouane;2024-03-20 18:06:00;900000
1012;851021.0;TR204\_0/17;Paiement en ligne;En attente;Ziguinchor;2024-03-20 17:00:00;80000
100290;85010092.0;TR214/00007;Paiement électronique;Validé;Tambacounda;2024-03-20 16:45:00;750000
1001;851100.0;TR201/00010;ATM;En attente;Fatick;2024-03-20 16:00:00;30000
500;85500.0;TR0/00019;ATM;Echoué;Linguère;2024-03-20 16:00:00;1000000
1008;851080.0;TR204/00030;Paiement en ligne;En attente;Ziguinchor;2024-03-20 15:30:00;220000
550;85055.0;TR110/00008;Paiement en ligne;Echoué;Fatick;2024-03-20 15:30:00;10000
508;85058.0;TR1/00510008;Paiement en ligne;Validé;Diourbel;2024-03-20 15:00:00;40000
532;85253.0;TR101/00018;Paiement électronique;En attente;Tambacounda;2024-03-20 14:00:00;7000
1019;851901.0;TR207/000010;Paiement en ligne;En attente;Dakar;2024-03-20 12:45:00;25000
536;85653.0;TR103/0015;Paiement en ligne;En attente;Goudiry;2024-03-20 12:00:00;45000
1040;851400.0;TR219/014;Paiement électronique;En attente;Louga;2024-03-20 12:00:00;5000
550;85055.0;TR110/00019;Paiement en ligne;Echoué;Louga;2024-03-20 11:00:00;5000
10240;8541010.0;TR209/00011;Paiement électronique;Validé;Tivaouane;2024-03-20 11:00:00;90000
1013;851301.0;TR205/00014;Paiement en ligne;Validé;Dakar;2024-03-20 11:00:00;550000
509;85590.0;TR3/0017;Paiement en ligne;Validé;Rufisque;2024-03-20 10:45:00;350000
50512;85123456.0;TR2CDE4F;Paiement en ligne;Validé;Thiès;2024-03-20 10:45:00;30000
10360;8501036.0;TR216/00025;ATM;Validé;Kaolack;2024-03-20 10:00:00;3000
51234;859999.0;TR3GHIJ2;Paiement en ligne;Echoué;Mbacké;2024-03-20 09:00:00;20000
10300;8501030.0;TR213/00022;ATM;En attente;Louga;2024-03-19 18:15:00;4000
1010;851001.0;TR204/00008;Paiement en ligne;En attente;Diourbel;2024-03-19 14:40:00;750000
518;85851.0;TR7/654321;ATM;Validé;Bambey;2024-03-19 14:25:00;16000
511;85151.0;TR4/0012;ATM;Validé;Dakar;2024-03-19 08:45:00;1200
10280;8501208.0;TR213/00014;Paiement en ligne;En attente;Thiès;2024-03-18 18:00:00;90000
501;85501.0;TR0/00008;Paiement en ligne;Echoué;Kolda;2024-03-18 16:45:00;20000
1035;851053.0;TR216/0017;Paiement en ligne;En attente;Saint Louis;2024-03-18 16:10:00;200000
1007;851700.0;TR204/00022;Paiement en ligne;En attente;Ziguinchor;2024-03-18 16:00:00;250000
1010;851001.0;TR204/00020;Paiement en ligne;En attente;Linguère;2024-03-18 15:20:00;670000
544;85254.0;TR107/0013;Paiement en ligne;En attente;Podor;2024-03-18 13:30:00;58000
1041;851041.0;TR219/007;Paiement électronique;Echoué;Richard Toll;2024-03-18 12:00:00;9000
505;85505.0;TR1/0007;ATM;Validé;Kolda;2024-03-18 11:45:00;3000
1032;851023.0; TR215/0006;Paiement électronique;En attente;Ziguinchor;2024-03-18 11:30:00;650000
518;85851.0;TR7/123456;Paiement électronique;Echoué;Rufisque;2024-03-18 11:25:00;1700000
1033;851033.0; TR215/0022;ATM;Validé;Tivaouane;2024-03-18 10:00:00;250000
533;85353.0;TR102/03-18-24;Paiement en ligne;Echoué;Dakar;2024-03-18 07:55:00;199000
517;85157.0;TR7/456789;Paiement en ligne;Validé;Guédiawaye;2024-03-17 15:43:00;450000
1008;851080.0;TR204/00014;Paiement en ligne;En attente;Ziguinchor;2024-03-17 13:00:00;180000
1039;851039.0;TR217/017;Paiement en ligne;En attente;Thiès;2024-03-17 11:30:00;55000
10290;8510092.0;TR213/00006;Paiement électronique;En attente;Kaolack;2024-03-16 16:20:00;120000
1006;851060.0;TR203/0012;Paiement électronique;En attente;Diourbel;2024-03-16 16:15:00;300000
517;85157.0;TR7/890123;ATM;Validé;Pikine;2024-03-16 13:41:00;22000
534;85453.0;TR102/03-16-24;ATM;Validé;Thiès;2024-03-16 10:15:00;2100
1017;851071.0;TR206/00006;Paiement en ligne;Validé;Tambacounda;2024-03-16 08:30:00;1200000
540;85054.0;TR105/0005;Paiement électronique;Echoué;Ziguinchor;2024-03-15 16:30:00;200000
539;85359.0;TR105/0006;Paiement électronique;Echoué;Kolda;2024-03-15 16:30:00;150000
510;85051.0;TR3/0016;ATM;Validé;Louga;2024-03-15 16:30:00;2000
1004;851040.0;TR202/00010;Paiement électronique;Echoué;Kédougou;2024-03-15 16:15:00;800000
511;85151.0;TR4/0011;Paiement électronique;Validé;Tambacounda;2024-03-15 16:00:00;50000
551;85551.0;TR200/44444;Paiement électronique;En attente;Kolda;2024-03-15 16:00:00;800000
1041;851041.0;TR219/018;ATM;En attente;Foundiougne;2024-03-15 15:30:00;2000
552;85552.0;TR200/901234;ATM;En attente;Dakar;2024-03-15 15:00:00;40000
531;85351.0;TR101/00008;Paiement électronique;En attente;Kaolack;2024-03-15 14:30:00;6000
10350;8501053.0;TR216/00024;Paiement électronique;Validé;Saint Louis;2024-03-15 14:30:00;250000
1012;851021.0;TR204\_0/16;ATM;Validé;Tambacounda;2024-03-15 14:15:00;5000
501;85501.0;TR0/00018;Paiement électronique;Validé;Kebemer;2024-03-15 13:30:00;35000
552;85552.0;TR200/8901234;Paiement en ligne;Validé;Saint Louis;2024-03-15 12:00:00;650000
100290;85010092.0;TR214/00018;Paiement en ligne;Validé;Dakar;2024-03-15 11:30:00;60000
500;85500.0;TR0/00007;ATM;Validé;Ziguinchor;2024-03-15 11:15:00;12000000
50743;85458321.0;TR2CVD7R;Paiement électronique;En attente;Saint Louis;2024-03-15 11:15:00;150000
535;85355.0;TR103/0014;Paiement électronique;Echoué;Sédhiou;2024-03-15 11:00:00;2500000
544;85254.0;TR107/0019;ATM;Echoué;Pikine;2024-03-15 11:00:00;12000
1007;851700.0;TR204/00006;Paiement en ligne;En attente;Ziguinchor;2024-03-15 11:00:00;200000
538;85853.0;TR104/0020;Paiement en ligne;Echoué;Tambacounda;2024-03-15 10:55:00;75000
549;85459.0;TR110/00007;ATM;Validé;Thiès;2024-03-15 10:00:00;2500
1014;851041.0;TR205/00006;Paiement électronique;Validé;Dakar;2024-03-15 10:00:00;2500000
506;85605.0;TR1/0015;Paiement électronique;Validé;Kolda;2024-03-15 09:30:00;275000
1020;851002.0;TR207/000009;Paiement électronique;Validé;Kaolack;2024-03-15 08:15:00;120000
538;85853.0;TR104/0019;ATM;Validé;Ziguinchor;2024-03-14 16:11:00;3000
1027;857102.0;TR210/1023;Paiement en ligne;Validé;Louga;2024-03-14 14:00:00;8000
526;85652.0;TR010/0016;Paiement électronique;Validé;Ziguinchor;2024-03-14 09:30:00;7000000
10350;8501053.0;TR216/00023;Paiement en ligne;En attente;Kolda;2024-03-13 16:00:00;80000
537;85357.0;TR104/0018;ATM;Validé;Touba;2024-03-13 09:35:00;12000
525;85255.0;TR010/0006;Paiement électronique;Validé;Ziguinchor;2024-03-13 08:20:00;8000000
50321;85458321.0;TR2CDF5E;Paiement électronique;En attente;Kaolack;2024-03-12 16:00:00;8000
1026;851062.0;TR210/1006;ATM;En attente;Ziguinchor;2024-03-12 16:00:00;1500
513;85153.0;TR5/0014;Paiement en ligne;En attente;Podor;2024-03-12 15:32:00;5000
515;85155.0;TR6/5;Paiement en ligne;Validé;Thiès;2024-03-12 15:30:00;35000
513;85153.0;TR5/0003;Paiement électronique;Echoué;Thiès;2024-03-12 15:22:00;123500
537;85357.0;TR104/0017;Paiement électronique;En attente;Saint Louis;2024-03-12 15:20:00;55000
10270;8507102.0;TR211/00010;ATM;Validé;Dakar;2024-03-12 15:10:00;4000
10240;8541010.0;TR209/00010;Paiement en ligne;En attente;Dakar;2024-03-12 14:00:00;50000
1039;851039.0;TR217/016;ATM;Validé;Kaolack;2024-03-12 14:00:00;4000
544;85254.0;TR107/0006;Paiement en ligne;Validé;Diourbel;2024-03-12 13:30:00;60000
1005;851500.0;TR203/0005;Paiement en ligne;Validé;Dakar;2024-03-12 11:30:00;80000
507;85705.0;TR1/00510019;ATM;Validé;Dahra;2024-03-12 10:30:00;1500
507;85705.0;TR1/00510007;ATM;Validé;Kaolack;2024-03-12 10:30:00;1000
1009;851900.0;TR204/00007;ATM;Validé;Kolda;2024-03-12 08:50:00;40000
533;85353.0;TR102/03-11-24;Paiement en ligne;En attente;Saint Louis;2024-03-11 17:00:00;280000
1018;858101.0;TR206/00021;ATM;Validé;Kaolack;2024-03-11 15:00:00;80000
1027;857102.0;TR210/1013;ATM;Echoué;Saly;2024-03-11 14:00:00;2000
537;85357.0;TR104/0016;Paiement en ligne;Validé;Thiès;2024-03-11 11:42:00;35000
1031;851301.0; TR215/0013;ATM;Validé;Diourbel;2024-03-11 10:30:00;300000
1009;851900.0;TR204/00019;ATM;Validé;Podor;2024-03-11 08:30:00;30000
503;85503.0;TR00/0010;ATM;En attente;Louga;2024-03-10 20:20:00;8000
1013;851301.0;TR205/00023;Paiement en ligne;Validé;Thiès;2024-03-10 19:30:00;750000
1035;851053.0;TR216/0006;Paiement électronique;En attente;Touba;2024-03-10 16:30:00;800000
505;85505.0;TR1/0006;Paiement électronique;Echoué;Tambacounda;2024-03-10 16:00:00;1200000
100290;85010092.0;TR214/00006;Paiement en ligne;Echoué;Diourbel;2024-03-10 15:30:00;250000
516;85651.0;TR6/11;Paiement en ligne;Echoué;Saint Louis;2024-03-10 15:00:00;12000
1032;851023.0; TR215/0005;Paiement en ligne;Validé;Saint Louis;2024-03-10 15:00:00;1200000
1001;851100.0;TR201/00008;Paiement en ligne;Echoué;Ziguinchor;2024-03-10 14:15:00;1500000
1021;851101.0;TR207/000008;ATM;Echoué;Kolda;2024-03-10 13:30:00;2000
515;85155.0;TR6/4;ATM;Validé;Saint Louis;2024-03-10 13:15:00;12000
10350;8501053.0;TR216/00022;ATM;Validé;Ziguinchor;2024-03-10 11:00:00;2000
1013;851301.0;TR205/00013;ATM;En attente;Thiès;2024-03-10 10:15:00;25000
1011;851101.0;TR204\_0/15;Paiement électronique;Echoué;Saint Louis;2024-03-10 09:45:00;400000
535;85355.0;TR103/0013;ATM;Validé;Kédougou;2024-03-10 09:30:00;2000
1002;851020.0;TR201/00018;Paiement en ligne;Echoué;Ziguinchor;2024-03-10 08:30:00;500000
510;85590.0;TR3/0015;Paiement électronique;Validé;Podor;2024-03-10 08:15:00;12000
502;85502.0;TR00/0009;Paiement électronique;Validé;Kolda;2024-03-09 12:05:00;1500
1019;851901.0;TR207/000007;Paiement en ligne;En attente;Dakar;2024-03-08 16:22:00;15000
503;85503.0;TR00/0008;Paiement en ligne;Echoué;Fatick;2024-03-08 14:15:00;3000000
1008;851080.0;TR204/00029;ATM;Validé;Touba;2024-03-08 11:00:00;50000
1038;851083.0;TR217/015;Paiement électronique;Echoué;Ziguinchor;2024-03-08 10:15:00;800000
515;85155.0;TR6/16;ATM;Validé;Saint Louis;2024-03-07 16:45:00;18000
1042;852104.0;TR219/022;Paiement en ligne;En attente;Vélingara;2024-03-07 14:30:00;8000
506;85605.0;TR1/0014;Paiement en ligne;Echoué;Tambacounda;2024-03-07 14:20:00;1500000
534;85453.0;TR102/03-07-24;Paiement électronique;En attente;Dakar;2024-03-07 13:35:00;750000
1035;851053.0;TR216/0025;ATM;En attente;Saint Louis;2024-03-07 10:00:00;30000
1007;851700.0;TR204/00021;ATM;Validé;Touba;2024-03-07 09:45:00;40000
10300;8501030.0;TR213/00021;Paiement électronique;Validé;Richard Toll;2024-03-06 11:45:00;160000
1008;851080.0;TR204/00013;ATM;Validé;Touba;2024-03-06 08:30:00;50000
536;85653.0;TR103/0012;Paiement en ligne;En attente;Kaffrine;2024-03-05 16:45:00;60000
1011;851101.0;TR204\_0/14;Paiement en ligne;En attente;Thiès;2024-03-05 15:30:00;70000
511;85151.0;TR4/0010;Paiement en ligne;Echoué;Saint Louis;2024-03-05 14:30:00;6000
1004;851040.0;TR202/00009;Paiement en ligne;Validé;Fatick;2024-03-05 14:22:00;70000
539;85359.0;TR105/0005;Paiement en ligne;En attente;Ziguinchor;2024-03-05 14:20:00;75000
1016;851601.0;TR206/00013;ATM;Validé;Dakar;2024-03-05 14:15:00;70000
509;85051.0;TR3/0014;Paiement en ligne;Validé;Matam;2024-03-05 14:00:00;170000
540;85054.0;TR105/0004;Paiement en ligne;En attente;Tambacounda;2024-03-05 14:00:00;80000
10270;8507102.0;TR211/00009;Paiement en ligne;Echoué;Kaolack;2024-03-05 13:30:00;80000
1010;851001.0;TR204/00006;Paiement électronique;Validé;Ziguinchor;2024-03-05 13:00:00;2500000
508;85058.0;TR1/00510006;Paiement électronique;En attente;Ziguinchor;2024-03-05 13:00:00;35000
508;85058.0;TR1/00510018;Paiement électronique;En attente;Linguère;2024-03-05 13:00:00;45000
516;85651.0;TR6/10;ATM;En attente;Diourbel;2024-03-05 12:15:00;18000
549;85459.0;TR110/00006;Paiement électronique;En attente;Ziguinchor;2024-03-05 12:00:00;750000
532;85253.0;TR101/00017;ATM;Validé;Dakar;2024-03-05 12:00:00;4500
10280;8501208.0;TR213/00013;ATM;Validé;Dakar;2024-03-05 11:30:00;4000
544;85254.0;TR107/0012;ATM;Validé;Matam;2024-03-05 11:00:00;22000
100290;85010092.0;TR214/00017;ATM;Validé;Diourbel;2024-03-05 10:00:00;20000
1040;851400.0;TR219/013;Paiement en ligne;Validé;Fatick;2024-03-05 10:00:00;20000
50987;85342111.0;TR2EFG6Y;ATM;Echoué;Louga;2024-03-05 10:00:00;8000
1001;851100.0;TR201/00007;ATM;Validé;Saint Louis;2024-03-05 10:00:00;20000
513;85153.0;TR5/0013;ATM;Validé;Matam;2024-03-05 09:20:00;2500
513;85153.0;TR5/0002;Paiement en ligne;En attente;Saint Louis;2024-03-05 09:15:00;54000
10340;8501304.0;TR216/00021;Paiement électronique;Echoué;Tambacounda;2024-03-05 09:15:00;120000
1007;851700.0;TR204/00005;ATM;Validé;Touba;2024-03-05 09:00:00;70000
550;85055.0;TR110/00018;Paiement électronique;Validé;Runé;2024-03-05 09:00:00;1200000
10390;8510390.0;TR218/0012;ATM;Validé;Bambey;2024-03-04 21:00:00;18500
1035;851053.0;TR216/0016;ATM;Validé;Saint Louis;2024-03-04 14:25:00;50000
519;85159.0;TR8/0008;Paiement en ligne;Validé;Diourbel;2024-03-04 14:15:00;200000
1033;851033.0; TR215/0021;Paiement électronique;En attente;Tambacounda;2024-03-04 13:30:00;400000
545;85455.0;TR108/00019;Paiement en ligne;Echoué;Saint Louis;2024-03-04 13:30:00;280000
1010;851001.0;TR204/00018;Paiement électronique;Validé;Goudiry;2024-03-04 12:30:00;1850000
1029;851092.0;TR212/0012;Paiement en ligne;Echoué;Matam;2024-03-04 11:30:00;5500
525;85255.0;TR010/0005;Paiement en ligne;Validé;Diourbel;2024-03-04 11:00:00;1500000
10390;8510390.0;TR218/0011;Paiement en ligne;Echoué;Matam;2024-03-03 17:45:00;120000
10340;8501304.0;TR216/00020;Paiement en ligne;Validé;Thiès;2024-03-03 15:30:00;50000
546;85654.0;TR108/00015;ATM;Echoué;Saint Louis;2024-03-03 15:30:00;10000
1006;851060.0;TR203/0011;Paiement en ligne;Validé;Richard Toll;2024-03-03 12:30:00;70000
1021;851101.0;TR207/000006;ATM;Validé;Ziguinchor;2024-03-03 11:05:00;6000
535;85355.0;TR103/0011;Paiement électronique;Echoué;Matam;2024-03-03 11:00:00;1800000
1002;851020.0;TR201/00017;ATM;Validé;Saint Louis;2024-03-03 11:00:00;75000
1017;851071.0;TR206/00020;ATM;Echoué;Pikine;2024-03-03 10:00:00;2000000
1040;851400.0;TR219/004;ATM;Echoué;Diourbel;2024-03-03 09:45:00;12000
1028;851208.0;TR212/0011;ATM;Validé;Ziguinchor;2024-03-03 09:00:00;20000
1038;851083.0;TR217/014;Paiement en ligne;En attente;Kolda;2024-03-03 07:30:00;60000
543;85453.0;TR107/0018;ATM;Validé;Vélingara;2024-03-02 16:00:00;10000
10390;8510390.0;TR218/0010;Paiement électronique;Validé;Louga;2024-03-02 14:30:00;70000
526;85652.0;TR010/0015;Paiement en ligne;Validé;Diourbel;2024-03-02 13:50:00;1000000
1017;851071.0;TR206/00005;ATM;Validé;Saint Louis;2024-03-02 13:45:00;200000
545;85455.0;TR108/00011;Paiement électronique;Validé;Saint Louis;2024-03-02 13:30:00;300000
1030;850103.0;TR212/0010;Paiement électronique;En attente;Louga;2024-03-02 12:50:00;200000
1027;857102.0;TR210/1022;ATM;En attente;Kédougou;2024-03-02 12:00:00;1000
1035;851053.0;TR216/0005;Paiement en ligne;Validé;Saint Louis;2024-03-02 12:00:00;200000
10290;8510092.0;TR213/00005;Paiement en ligne;Validé;Tambacounda;2024-03-02 11:00:00;60000
501;85501.0;TR0/00006;Paiement électronique;En attente;Kaolack;2024-03-02 10:30:00;8000000
1026;851062.0;TR210/1005;Paiement en ligne;Validé;Kaolack;2024-03-02 08:00:00;70000
1029;851092.0;TR212/0009;Paiement en ligne;Validé;Kolda;2024-03-01 16:30:00;6000
50139;85893421.0;TR3GHJ8V;Paiement électronique;Validé;Kaffrine;2024-03-01 16:00:00;70000
546;85654.0;TR108/00007;Paiement électronique;Echoué;Saint Louis;2024-03-01 15:00:00;250000
545;85455.0;TR108/00003;ATM;Validé;Saint Louis;2024-03-01 14:45:00;80000
50462;850578.0;TR1JKB5C;Paiement en ligne;Validé;Kolda;2024-03-01 12:30:00;25000
1005;851500.0;TR203/0025;ATM;Echoué;Rufisque;2024-03-01 12:15:00;5000
514;85451.0;TR5/0012;Paiement électronique;Validé;Louga;2024-03-01 12:12:00;3500
13;85153.0;TR5/0001;ATM;Validé;Dakar;2024-03-01 12:01:00;35000
531;85351.0;TR101/00007;ATM;Validé;Dakar;2024-03-01 12:00:00;3500
1029;851092.0;TR212/0025;Paiement en ligne;Validé;Thiès;2024-03-01 11:20:00;30000
544;85254.0;TR107/0005;ATM;Validé;Dakar;2024-03-01 11:00:00;25000
500;85500.0;TR0/00017;Paiement en ligne;En attente;Dakar;2024-03-01 11:00:00;9000000
511;85151.0;TR4/0009;ATM;Validé;Dakar;2024-03-01 10:15:00;2000
1011;851101.0;TR204\_0/13;ATM;Validé;Dakar;2024-03-01 10:00:00;4000
509;85590.0;TR3/0013;ATM;Validé;Bambey;2024-03-01 10:00:00;65000
551;85551.0;TR200/33333;Paiement en ligne;Echoué;Ziguinchor;2024-03-01 10:00:00;200000
10340;8501304.0;TR216/00019;ATM;Validé;Dakar;2024-03-01 10:00:00;5000
1014;851041.0;TR205/00005;Paiement en ligne;Validé;Saint Louis;2024-03-01 09:30:00;700000
532;85253.0;TR101/00016;Paiement en ligne;Validé;Saint Louis;2024-03-01 09:30:00;14000
1015;855101.0;TR205/00012;Paiement électronique;Validé;Dakar;2024-03-01 09:30:00;3000000
10390;8510390.0;TR218/0009;ATM;En attente;Diourbel;2024-03-01 09:15:00;2000
1004;851040.0;TR202/00008;ATM;Validé;Louga;2024-03-01 09:15:00;1000
10240;8541010.0;TR209/00009;ATM;Echoué;Kaolack;2024-03-01 09:00:00;1000
552;85552.0;TR200/345678;Paiement électronique;Validé;Tambacounda;2024-03-01 09:00:00;1200000
100290;85010092.0;TR214/00005;ATM;Validé;Diourbel;2024-03-01 09:00:00;15000
552;85552.0;TR200/2345678;ATM;Validé;Dakar;2024-03-01 08:00:00;40000
505;85505.0;TR1/0005;Paiement en ligne;Validé;Ziguinchor;2024-02-28 14:30:00;55000
1005;851500.0;TR203/0004;ATM;Echoué;Tambacounda;2024-02-28 12:45:00;3000
1041;851041.0;TR219/025;Paiement en ligne;Validé;Nioro;2024-02-28 12:00:00;4000
100280;85001208.0;TR214/00016;ATM;Validé;Saint Louis;2024-02-28 12:00:00;12000
1034;851304.0;TR216/0004;ATM;Validé;Dakar;2024-02-28 09:10:00;70000
1033;851033.0; TR215/0012;Paiement électronique;Validé;Dakar;2024-02-27 14:15:00;1000000
50139;85893421.0;TR8VFR5D;ATM;Validé;Sédhiou;2024-02-27 12:45:00;15000
1018;858101.0;TR206/00012;ATM;Echoué;Podor;2024-02-27 11:30:00;3000000
1038;851083.0;TR217/013;ATM;Validé;Tambacounda;2024-02-26 15:30:00;3000
10260;8510062.0;TR211/00008;Paiement électronique;Validé;Dakar;2024-02-25 21:00:00;200000
1020;851002.0;TR207/000005;Paiement électronique;En attente;Tambacounda;2024-02-25 20:30:00;52000
50987;85342111.0;TR7QWV3H;Paiement en ligne;Validé;Mbour;2024-02-25 17:00:00;6000
507;85705.0;TR1/00510017;Paiement en ligne;Validé;Kébémer;2024-02-25 16:00:00;25000
500;85500.0;TR0/00005;Paiement en ligne;Validé;Dakar;2024-02-25 16:00:00;3000000
549;85459.0;TR110/00017;Paiement en ligne;En attente;Podor;2024-02-25 15:30:00;20000
1008;851080.0;TR204/00028;Paiement électronique;Echoué;Dakar;2024-02-25 15:00:00;8000000
1041;851041.0;TR219/006;ATM;En attente;Thiès;2024-02-25 14:30:00;2500
506;85605.0;TR1/0013;ATM;Validé;Ziguinchor;2024-02-25 12:45:00;4000
510;85051.0;TR3/0012;Paiement électronique;Validé;Kaffrine;2024-02-25 12:45:00;1500
1012;851021.0;TR204\_0/12;Paiement électronique;Echoué;Kolda;2024-02-25 12:30:00;350000
531;85351.0;TR101/00006;Paiement en ligne;Validé;Ziguinchor;2024-02-25 10:15:00;15000
10230;8510320.0;TR209/00008;ATM;Validé;Thiès;2024-02-25 10:00:00;3000
1027;857102.0;TR210/1012;Paiement électronique;En attente;Louga;2024-02-25 10:00:00;45000
10360;8501036.0;TR216/00018;Paiement électronique;Validé;Matam;2024-02-25 09:15:00;150000
1032;851023.0; TR215/0020;Paiement en ligne;Validé;Dakar;2024-02-24 11:15:00;1200000
1007;851700.0;TR204/00020;Paiement électronique;Echoué;Dakar;2024-02-23 16:15:00;7000000
10360;8501036.0;TR216/00017;Paiement en ligne;En attente;Diourbel;2024-02-23 15:30:00;60000
1004;851040.0;TR202/00007;Paiement électronique;En attente;Kaolack;2024-02-23 13:42:00;200000
1022;851202.0;TR208/6543;ATM;Validé;Thiès;2024-02-22 17:00:00;2000
100280;85001208.0;TR214/00015;Paiement électronique;En attente;Tivaouane;2024-02-22 15:15:00;450000
1037;851307.0;TR217/012;Paiement électronique;Echoué;Saint Louis;2024-02-22 13:45:00;750000
512;85251.0;TR4/0008;Paiement électronique;En attente;Tambacounda;2024-02-22 11:45:00;2000
1008;851080.0;TR204/00012;Paiement électronique;Echoué;Dakar;2024-02-22 10:15:00;6000000
50462;850578.0;TR6FYM2E;Paiement électronique;Validé;Tambacounda;2024-02-22 09:00:00;50000
534;85453.0;TR102/02-21-24;Paiement en ligne;Validé;Saint Louis;2024-02-21 21:15:00;101000
1009;851900.0;TR204/00005;Paiement en ligne;En attente;Dakar;2024-02-20 17:30:00;680000
1012;851021.0;TR204\_0/11;Paiement en ligne;En attente;Ziguinchor;2024-02-20 17:00:00;65000
532;85253.0;TR101/00015;Paiement électronique;Echoué;Ziguinchor;2024-02-20 16:45:00;9000
543;85453.0;TR107/0011;ATM;Echoué;Kolda;2024-02-20 16:00:00;10000
507;85705.0;TR1/00510005;Paiement en ligne;Validé;Dakar;2024-02-20 16:00:00;20000
1007;851700.0;TR204/00004;Paiement électronique;Echoué;Dakar;2024-02-20 14:30:00;5000000
1042;852104.0;TR219/012;ATM;Echoué;Tivaouane;2024-02-20 14:15:00;4000
1019;851901.0;TR207/000004;Paiement en ligne;Validé;Dakar;2024-02-20 13:45:00;86500
1013;851301.0;TR205/00004;ATM;Validé;Dakar;2024-02-20 12:00:00;30000
10230;8510320.0;TR209/00007;Paiement électronique;Validé;Diourbel;2024-02-20 12:00:00;85000
539;85359.0;TR105/0004;ATM;Validé;Tambacounda;2024-02-20 11:10:00;3000
550;85055.0;TR110/00005;Paiement en ligne;Validé;Kaolack;2024-02-20 11:00:00;500000
10360;8501036.0;TR216/00016;ATM;Validé;Kaolack;2024-02-20 10:00:00;3000
540;85054.0;TR105/0003;ATM;Validé;Saint Louis;2024-02-20 09:45:00;2500
510;85590.0;TR3/0011;Paiement en ligne;En attente;Sédhiou;2024-02-20 09:30:00;200000
1031;851301.0; TR215/0004;ATM;Validé;Diourbel;2024-02-20 09:00:00;250000
10260;8510062.0;TR211/00007;ATM;En attente;Ziguinchor;2024-02-20 08:40:00;5000
1009;851900.0;TR204/00017;Paiement en ligne;En attente;Kebemer;2024-02-19 14:00:00;720000
535;85355.0;TR103/0010;ATM;Validé;Louga;2024-02-18 14:30:00;2000
1016;851601.0;TR206/00004;ATM;Echoué;Ziguinchor;2024-02-18 11:00:00;1500000
1027;857102.0;TR210/1021;Paiement électronique;Echoué;Matam;2024-02-18 10:00:00;150000
1024;854101.0;TR208/4321;Paiement électronique;Echoué;Diourbel;2024-02-18 06:45:00;500000
538;85853.0;TR104/0015;ATM;Validé;Dakar;2024-02-17 12:05:00;2500
1006;851060.0;TR203/0010;ATM;Validé;Bambey;2024-02-17 11:15:00;5000
1037;851307.0;TR217/011;Paiement en ligne;En attente;Diourbel;2024-02-17 11:00:00;50000
1017;851071.0;TR206/00019;Paiement électronique;En attente;Kanel;2024-02-16 14:15:00;5000000
1025;851205.0;TR210/1004;ATM;Echoué;Saint Louis;2024-02-16 14:00:00;3000
538;85853.0;TR104/0014;Paiement électronique;Validé;Kaolack;2024-02-16 13:40:00;15000
533;85353.0;TR102/02-16-24;Paiement électronique;Validé;Touba;2024-02-16 12:15:00;45000
1023;851032.0;TR208/9876;Paiement en ligne;En attente;Kaolack;2024-02-15 20:30:00;35000
526;85652.0;TR010/0014;ATM;En attente;Tambacounda;2024-02-15 17:40:00;2200
506;85605.0;TR1/0012;Paiement électronique;Validé;Thiès;2024-02-15 16:15:00;450000
1034;851304.0;TR216/0024;Paiement électronique;Validé;Dakar;2024-02-15 16:05:00;1200000
543;85453.0;TR107/0004;ATM;Echoué;Tambacounda;2024-02-15 16:00:00;15000
531;85351.0;TR101/00005;Paiement électronique;Echoué;Tambacounda;2024-02-15 16:00:00;8000
551;85551.0;TR200/22222;ATM;Validé;Dakar;2024-02-15 15:00:00;50000
10280;8501208.0;TR213/00004;ATM;Echoué;Ziguinchor;2024-02-15 14:45:00;1000
10350;8501053.0;TR216/00015;Paiement électronique;Validé;Saint Louis;2024-02-15 14:30:00;250000
1012;851021.0;TR204\_0/10;ATM;Validé;Tambacounda;2024-02-15 14:15:00;4500
512;85251.0;TR4/0007;ATM;Validé;Dakar;2024-02-15 13:30:00;1500
1042;852104.0;TR219/011;Paiement électronique;Validé;Hann;2024-02-15 13:30:00;11000
534;85453.0;TR102/02-15-24;Paiement électronique;Validé;Thiès;2024-02-15 13:20:00;150000
1004;851040.0;TR202/00006;Paiement en ligne;Validé;Tambacounda;2024-02-15 12:38:00;60000
1015;855101.0;TR205/00011;Paiement en ligne;Validé;Kaolack;2024-02-15 12:00:00;600000
552;85552.0;TR200/789012;Paiement en ligne;Echoué;Saint Louis;2024-02-15 12:00:00;550000
549;85459.0;TR110/00016;ATM;Validé;Bignona;2024-02-15 12:00:00;4000
509;85051.0;TR3/0010;ATM;Validé;Kolda;2024-02-15 11:15:00;20000
538;85853.0;TR104/0013;Paiement en ligne;Echoué;Tambacounda;2024-02-15 10:55:00;75000
1005;851500.0;TR203/0024;Paiement électronique;Validé;Mbour;2024-02-15 10:30:00;250000
518;85851.0;TR7/234567;Paiement électronique;En attente;Richard Toll;2024-02-15 10:04:00;1000000
501;85501.0;TR0/00016;ATM;Validé;Richard Toll;2024-02-15 09:45:00;200000
543;85453.0;TR107/0017;Paiement électronique;En attente;Sédhiou;2024-02-15 09:00:00;78000
536;85653.0;TR103/0009;Paiement électronique;Echoué;Fatick;2024-02-15 08:00:00;2000000
518;85851.0;TR7/567890;Paiement en ligne;Validé;Louga;2024-02-14 17:12:00;850000
538;85853.0;TR104/0012;ATM;Validé;Ziguinchor;2024-02-14 16:11:00;3000
1018;858101.0;TR206/00011;Paiement électronique;En attente;Sédhiou;2024-02-14 09:45:00;6000000
10350;8501053.0;TR216/00014;Paiement en ligne;En attente;Kolda;2024-02-13 16:00:00;80000
517;85157.0;TR7/345678;ATM;Validé;Kebemer;2024-02-13 14:21:00;10000
10290;8510092.0;TR213/00020;Paiement en ligne;Echoué;Kédougou;2024-02-13 13:30:00;85000
1027;857102.0;TR210/1011;Paiement en ligne;Validé;Kédougou;2024-02-13 12:00:00;30000
537;85357.0;TR104/0011;ATM;Validé;Touba;2024-02-13 09:35:00;12000
525;85255.0;TR010/0004;ATM;Validé;Tambacounda;2024-02-12 16:45:00;2500
51234;859999.0;TR7CDEF1;Paiement électronique;En attente;Rufisque;2024-02-12 16:00:00;3000
50512;85123456.0;TR5MNK3G;Paiement électronique;En attente;Kaolack;2024-02-12 15:30:00;80000
537;85357.0;TR104/0010;Paiement électronique;En attente;Saint Louis;2024-02-12 15:20:00;55000
100280;85001208.0;TR214/00004;ATM;Validé;Dakar;2024-02-12 14:15:00;30000
505;85505.0;TR1/0004;ATM;Validé;Thiès;2024-02-12 12:00:00;1000
530;85053.0;TR111/00018;Paiement électronique;Validé;Dakar;2024-02-12 11:10:00;2200000
1021;851101.0;TR207/000003;ATM;Echoué;Saint Louis;2024-02-12 09:11:00;1200
512;85251.0;TR4/0006;Paiement en ligne;Echoué;Saint Louis;2024-02-12 09:00:00;7500
1033;851033.0; TR215/0011;Paiement en ligne;Echoué;Thiès;2024-02-12 09:00:00;950000
1037;851307.0;TR217/010;ATM;Validé;Dakar;2024-02-12 08:45:00;2500
1034;851304.0;TR216/0015;Paiement électronique;Echoué;Diourbel;2024-02-11 13:20:00;800000
537;85357.0;TR104/0009;Paiement en ligne;Validé;Thiès;2024-02-11 11:42:00;35000
1042;852104.0;TR219/021;ATM;Validé;Kaffrine;2024-02-11 11:00:00;10000
534;85453.0;TR102/02-11-24;ATM;Validé;Touba;2024-02-11 08:40:00;1800
1013;851301.0;TR205/00022;ATM;Validé;Dakar;2024-02-10 18:00:00;60000
10260;8510062.0;TR211/00006;Paiement en ligne;Validé;Dakar;2024-02-10 17:20:00;65000
1003;851300.0;TR202/00005;Paiement électronique;Echoué;Saint Louis;2024-02-10 17:05:00;300000
10230;8510320.0;TR209/00006;Paiement en ligne;Validé;Dakar;2024-02-10 16:00:00;45000
52369;8542198.0;TR3WXYZ6;ATM;En attente;Kaffrine;2024-02-10 15:00:00;8000
509;85590.0;TR3/0009;Paiement électronique;Validé;Kédougou;2024-02-10 15:00:00;80000
549;85459.0;TR110/00004;ATM;Echoué;Tambacounda;2024-02-10 14:30:00;30000
1002;851020.0;TR201/00015;Paiement en ligne;Validé;Dakar;2024-02-10 13:15:00;1000000
50785;850578.0;TR3EFG9H;Paiement en ligne;En attente;Tambacounda;2024-02-10 13:00:00;6000
1010;851001.0;TR204/00004;ATM;Echoué;Tambacounda;2024-02-10 11:40:00;20000
540;85054.0;TR105/0002;Paiement électronique;Echoué;Thiès;2024-02-10 11:30:00;180000
536;85653.0;TR103/0008;Paiement en ligne;En attente;Kolda;2024-02-10 11:20:00;90000
1040;851400.0;TR219/003;Paiement électronique;Validé;Tambacounda;2024-02-10 11:15:00;7000
1001;851100.0;TR201/00005;Paiement en ligne;Validé;Dakar;2024-02-10 11:15:00;750000
10350;8501053.0;TR216/00013;ATM;Validé;Ziguinchor;2024-02-10 11:00:00;2000
1008;851080.0;TR204/00027;ATM;Validé;Thiès;2024-02-10 10:15:00;120000
1011;851101.0;TR204\_0/9;Paiement électronique;Echoué;Saint Louis;2024-02-10 09:45:00;250000
543;85453.0;TR107/0010;Paiement électronique;Validé;Louga;2024-02-10 09:00:00;75000
501;85501.0;TR0/00004;ATM;Echoué;Tambacounda;2024-02-10 08:20:00;2000000
1032;851023.0; TR215/0019;ATM;Echoué;Saint Louis;2024-02-09 14:00:00;100000
1007;851700.0;TR204/00019;ATM;Validé;Thiès;2024-02-08 17:00:00;90000
1039;851039.0;TR217/009;Paiement électronique;Echoué;Matam;2024-02-08 12:30:00;900000
1010;851001.0;TR204/00016;ATM;Echoué;Sédhiou;2024-02-08 11:50:00;20000
502;85502.0;TR00/0007;ATM;Validé;Diourbel;2024-02-07 16:40:00;10000
1008;851080.0;TR204/00011;ATM;Validé;Thiès;2024-02-07 13:30:00;100000
1027;857102.0;TR210/1020;Paiement en ligne;Validé;Fatick;2024-02-07 09:00:00;45000
503;85503.0;TR00/0006;Paiement électronique;En attente;Ziguinchor;2024-02-06 08:50:00;500000
535;85355.0;TR103/0007;ATM;Validé;Kaolack;2024-02-05 15:45:00;3000
1034;851304.0;TR216/0003;Paiement électronique;Echoué;Thiès;2024-02-05 15:45:00;500000
1011;851101.0;TR204\_0/8;Paiement en ligne;En attente;Thiès;2024-02-05 15:30:00;55000
1019;851901.0;TR207/000002;Paiement en ligne;En attente;Thiès;2024-02-05 15:25:00;32500
500;85500.0;TR0/00003;Paiement électronique;Validé;Saint Louis;2024-02-05 14:45:00;500000
50321;85458321.0;TR4GFT6Y;ATM;Validé;Thiès;2024-02-05 14:00:00;20000
510;85051.0;TR3/0008;Paiement en ligne;Validé;Ziguinchor;2024-02-05 13:45:00;1000
516;85651.0;TR6/20;Paiement en ligne;Validé;Kaolack;2024-02-05 13:15:00;50000
1007;851700.0;TR204/00003;ATM;Validé;Thiès;2024-02-05 12:15:00;80000
502;85502.0;TR00/0005;Paiement en ligne;Validé;Tambacounda;2024-02-05 11:35:00;6000000
532;85253.0;TR101/00014;ATM;Validé;Dakar;2024-02-05 11:15:00;3000
1013;851301.0;TR205/00003;Paiement électronique;Validé;Thiès;2024-02-05 11:00:00;1500000
50743;85458321.0;TR4KMN5P;ATM;Validé;Thiès;2024-02-05 10:45:00;20000
1002;851020.0;TR201/00014;ATM;Echoué;Kolda;2024-02-05 10:30:00;60000
550;85055.0;TR110/00015;Paiement électronique;Validé;Vélingara;2024-02-05 10:00:00;1000000
1025;851205.0;TR210/1003;Paiement électronique;Validé;Thiès;2024-02-05 10:00:00;50000
1005;851500.0;TR203/0003;Paiement électronique;En attente;Saint Louis;2024-02-05 10:00:00;150000
539;85359.0;TR105/0003;Paiement électronique;Echoué;Saint Louis;2024-02-05 09:45:00;120000
515;85155.0;TR6/3;Paiement électronique;Validé;Diourbel;2024-02-05 09:20:00;850000
1016;851601.0;TR206/00003;Paiement électronique;En attente;Diourbel;2024-02-05 09:15:00;4000000
10340;8501304.0;TR216/00012;Paiement électronique;Echoué;Tambacounda;2024-02-05 09:15:00;120000
525;85255.0;TR010/0003;Paiement électronique;En attente;Saint Louis;2024-02-05 09:15:00;12000000
550;85055.0;TR110/00003;Paiement électronique;Validé;Saint Louis;2024-02-05 09:00:00;1200000
1001;851100.0;TR201/00004;ATM;Echoué;Kolda;2024-02-05 08:30:00;50000
10308;8501083.0;TR218/0008;Paiement électronique;Validé;Fatick;2024-02-04 21:00:00;15000
545;85455.0;TR108/00018;ATM;Validé;Thiès;2024-02-04 11:15:00;18000
515;85155.0;TR6/15;Paiement électronique;Validé;Diourbel;2024-02-04 11:00:00;1000000
1028;851208.0;TR212/0024;ATM;Validé;Dakar;2024-02-04 10:45:00;10000
1028;851208.0;TR212/0008;ATM;Echoué;Fatick;2024-02-04 10:15:00;5000
10300;8501030.0;TR213/00011;Paiement en ligne;Validé;Fatick;2024-02-04 09:50:00;80000
10308;8501083.0;TR218/0007;ATM;Echoué;Kaolack;2024-02-03 17:45:00;90000
10340;8501304.0;TR216/00011;Paiement en ligne;Validé;Thiès;2024-02-03 15:30:00;50000
546;85654.0;TR108/00014;Paiement électronique;Validé;Thiès;2024-02-03 13:15:00;550000
1030;850103.0;TR212/0023;Paiement électronique;Validé;Nioro;2024-02-03 13:00:00;120000
526;85652.0;TR010/0013;Paiement électronique;Validé;Saint Louis;2024-02-03 11:50:00;14000000
10260;8510062.0;TR211/00005;Paiement électronique;Echoué;Tambacounda;2024-02-03 11:10:00;20000
535;85355.0;TR103/0006;Paiement électronique;Echoué;Saint Louis;2024-02-03 10:50:00;1500000
516;85651.0;TR6/9;Paiement électronique;Validé;Dakar;2024-02-03 10:30:00;950000
1041;851041.0;TR219/017;Paiement électronique;Validé;Podor;2024-02-03 09:30:00;10000
1039;851039.0;TR217/008;Paiement en ligne;En attente;Thiès;2024-02-03 09:15:00;55000
10280;8501208.0;TR213/00003;Paiement électronique;Validé;Saint Louis;2024-02-03 09:15:00;75000
505;85505.0;TR1/0003;Paiement électronique;En attente;Saint Louis;2024-02-03 09:15:00;250000
1009;851900.0;TR204/00003;Paiement électronique;Validé;Saint Louis;2024-02-03 09:15:00;1250000
533;85353.0;TR102/02-03-24;ATM;Validé;Thiès;2024-02-03 09:00:00;1250
1006;851060.0;TR203/0009;Paiement électronique;Validé;Fatick;2024-02-03 09:00:00;100000
507;85705.0;TR1/00510003;Paiement électronique;Validé;Tambacounda;2024-02-03 09:00:00;12000
507;85705.0;TR1/00510015;Paiement électronique;Validé;Bambey;2024-02-03 09:00:00;18000
543;85453.0;TR107/0003;Paiement électronique;Validé;Ziguinchor;2024-02-03 09:00:00;80000
1003;851300.0;TR202/00004;ATM;Validé;Ziguinchor;2024-02-03 08:45:00;2000
1029;851092.0;TR212/0007;Paiement en ligne;Validé;Kaolack;2024-02-03 08:00:00;4500
1028;851208.0;TR212/0022;ATM;Echoué;Foundiougne;2024-02-02 16:30:00;5000
10308;8501083.0;TR218/0006;Paiement électronique;En attente;Kolda;2024-02-02 14:30:00;55000
1030;850103.0;TR212/0006;Paiement électronique;En attente;Diourbel;2024-02-02 14:20:00;150000
545;85455.0;TR108/00010;ATM;Echoué;Thiès;2024-02-02 10:45:00;12000
506;85605.0;TR1/0011;Paiement en ligne;Validé;Saint Louis;2024-02-02 10:00:00;90000
100280;85001208.0;TR214/00003;Paiement électronique;En attente;Saint Louis;2024-02-02 08:45:00;500000
1029;851092.0;TR212/0021;Paiement en ligne;Validé;Marie-Therese;2024-02-01 19:00:00;20000
1028;851208.0;TR212/0005;ATM;Validé;Tambacounda;2024-02-01 17:45:00;12000
1005;851500.0;TR203/0023;Paiement en ligne;Validé;Foundiougne;2024-02-01 13:00:00;55000
546;85654.0;TR108/00006;Paiement en ligne;Validé;Thiès;2024-02-01 12:30:00;65000
545;85455.0;TR108/00002;Paiement en ligne;En attente;Thiès;2024-02-01 11:30:00;50000
1034;851304.0;TR216/0023;Paiement en ligne;Echoué;Dakar;2024-02-01 11:30:00;50000
512;85251.0;TR4/0005;ATM;Validé;Dakar;2024-02-01 11:20:00;3000
10230;8510320.0;TR209/00005;ATM;Echoué;Tambacounda;2024-02-01 11:00:00;2000
531;85351.0;TR101/00004;ATM;Validé;Dakar;2024-02-01 11:00:00;2500
10340;8501304.0;TR216/00010;ATM;Validé;Dakar;2024-02-01 10:00:00;5000
1011;851101.0;TR204\_0/7;ATM;Validé;Dakar;2024-02-01 10:00:00;3500
1009;851900.0;TR204/00015;Paiement électronique;Validé;Kaffrine;2024-02-01 09:45:00;1100000
10308;8501083.0;TR218/0005;Paiement en ligne;Validé;Ziguinchor;2024-02-01 09:15:00;1000
551;85551.0;TR200/11111;Paiement électronique;Validé;Tambacounda;2024-02-01 09:00:00;1000000
10290;8510092.0;TR213/00019;ATM;Validé;Diourbel;2024-02-01 09:00:00;6000
551;85551.0;TR200/111111;Paiement électronique;En attente;Tambacounda;2024-02-01 09:00:00;1000000
552;85552.0;TR200/123456;ATM;Validé;Dakar;2024-02-01 08:00:00;35000
100280;85001208.0;TR214/00025;ATM;Validé;Dakar;2024-01-31 16:30:00;20000
1039;851039.0;TR217/007;ATM;Validé;Kaolack;2024-01-30 16:00:00;4000
1027;857102.0;TR210/1010;ATM;En attente;Matam;2024-01-30 15:00:00;1000
532;85253.0;TR101/00013;Paiement en ligne;Validé;Thiès;2024-01-30 10:00:00;10000
10250;8512005.0;TR211/00004;ATM;Validé;Dakar;2024-01-30 09:20:00;3500
510;85590.0;TR3/0007;ATM;Validé;Diourbel;2024-01-30 09:00:00;120000
1034;851304.0;TR216/0014;Paiement en ligne;Validé;Dakar;2024-01-28 09:45:00;300000
1042;852104.0;TR219/020;Paiement électronique;Echoué;Dagana;2024-01-27 16:45:00;1500
1017;851071.0;TR206/00018;Paiement en ligne;Validé;Linguère;2024-01-26 12:45:00;800000
1026;851062.0;TR210/1019;ATM;Validé;Ziguinchor;2024-01-25 16:00:00;2000
50743;85458321.0;TR0AHB8L;Paiement en ligne;Validé;Dakar;2024-01-25 14:30:00;5000
1038;851083.0;TR217/006;Paiement électronique;Echoué;Ziguinchor;2024-01-25 13:45:00;800000
1012;851021.0;TR204\_0/6;Paiement électronique;Echoué;Kolda;2024-01-25 12:30:00;300000
509;85051.0;TR3/0006;Paiement électronique;En attente;Kaolack;2024-01-25 11:30:00;35000
1033;851033.0; TR215/0010;ATM;Validé;Kaolack;2024-01-25 11:00:00;180000
50321;85458321.0;TR0AHB8L;Paiement en ligne;Validé;Dakar;2024-01-25 10:00:00;5000
531;85351.0;TR101/00003;Paiement en ligne;Validé;Saint Louis;2024-01-25 09:45:00;12000
10220;8512020.0;TR209/00004;ATM;Validé;Dakar;2024-01-25 09:30:00;15000
10360;8501036.0;TR216/00009;Paiement électronique;Validé;Matam;2024-01-25 09:15:00;150000
10360;8501036.0;TR216/00008;Paiement en ligne;En attente;Diourbel;2024-01-23 15:30:00;60000
1032;851023.0; TR215/0018;Paiement électronique;En attente;Thiès;2024-01-23 08:45:00;400000
533;85353.0;TR102/01-22-24;Paiement en ligne;Validé;Dakar;2024-01-22 20:25:00;120000
1010;851001.0;TR204/00014;Paiement en ligne;En attente;Louga;2024-01-22 18:10:00;520000
1042;852104.0;TR219/010;Paiement en ligne;En attente;Saloum;2024-01-22 11:45:00;6000
534;85453.0;TR102/01-20-24;Paiement électronique;Validé;Thiès;2024-01-20 18:35:00;95000
1012;851021.0;TR204\_0/5;Paiement en ligne;En attente;Ziguinchor;2024-01-20 17:00:00;60000
509;85590.0;TR3/0005;Paiement en ligne;Validé;Fatick;2024-01-20 16:15:00;75000
508;85058.0;TR1/00510014;Paiement en ligne;Validé;Matam;2024-01-20 15:30:00;6000
532;85253.0;TR101/00012;Paiement électronique;En attente;Diourbel;2024-01-20 15:15:00;4000
536;85653.0;TR103/0005;Paiement en ligne;En attente;Ziguinchor;2024-01-20 14:30:00;75000
543;85453.0;TR107/0009;Paiement en ligne;Validé;Richard Toll;2024-01-20 14:30:00;55000
100280;85001208.0;TR214/00014;Paiement en ligne;Validé;Dakar;2024-01-20 13:30:00;180000
1018;858101.0;TR206/00010;Paiement en ligne;Validé;Kédougou;2024-01-20 12:15:00;900000
1003;851300.0;TR202/00003;Paiement électronique;En attente;Diourbel;2024-01-20 11:23:00;150000
1015;855101.0;TR205/00010;ATM;Validé;Dakar;2024-01-20 11:00:00;50000
1038;851083.0;TR217/005;Paiement en ligne;En attente;Kolda;2024-01-20 10:30:00;60000
10220;8512020.0;TR209/00003;Paiement électronique;En attente;Saint Louis;2024-01-20 10:00:00;75000
10360;8501036.0;TR216/00007;ATM;Validé;Kaolack;2024-01-20 10:00:00;3000
1008;851080.0;TR204/00026;Paiement en ligne;En attente;Saint Louis;2024-01-20 10:00:00;200000
1027;857102.0;TR210/1009;Paiement électronique;Validé;Fatick;2024-01-20 09:00:00;60000
550;85055.0;TR110/00014;Paiement en ligne;Echoué;Bambey;2024-01-20 09:00:00;5000
10300;8501030.0;TR213/00010;ATM;En attente;Louga;2024-01-18 17:45:00;3000
1007;851700.0;TR204/00018;Paiement en ligne;En attente;Saint Louis;2024-01-18 14:30:00;150000
1006;851060.0;TR203/0008;Paiement en ligne;Echoué;Kolda;2024-01-18 13:45:00;60000
538;85853.0;TR104/0008;ATM;Validé;Dakar;2024-01-18 12:05:00;2500
526;85652.0;TR010/0012;Paiement en ligne;Validé;Thiès;2024-01-18 09:25:00;300000
10290;8510092.0;TR213/00018;Paiement électronique;En attente;Kaolack;2024-01-17 16:50:00;130000
538;85853.0;TR104/0007;Paiement électronique;Validé;Kaolack;2024-01-17 13:40:00;15000
1008;851080.0;TR204/00010;Paiement en ligne;En attente;Saint Louis;2024-01-16 12:00:00;250000
538;85853.0;TR104/0006;Paiement en ligne;Echoué;Tambacounda;2024-01-16 10:55:00;75000
1013;851301.0;TR205/00021;Paiement électronique;Validé;Thiès;2024-01-15 17:30:00;1800000
10250;8512005.0;TR211/00003;Paiement électronique;Echoué;Saint-Louis;2024-01-15 16:50:00;150000
538;85853.0;TR104/0005;ATM;Validé;Ziguinchor;2024-01-15 16:11:00;3000
1042;852104.0;TR219/009;ATM;Validé;Kolda;2024-01-15 16:00:00;8000
1007;851700.0;TR204/00002;Paiement en ligne;En attente;Saint Louis;2024-01-15 16:00:00;150000
533;85353.0;TR102/01-15-24;Paiement en ligne;Validé;Dakar;2024-01-15 15:30:00;57000
549;85459.0;TR110/00002;Paiement en ligne;En attente;Diourbel;2024-01-15 15:30:00;50000
531;85351.0;TR101/00002;Paiement électronique;En attente;Thiès;2024-01-15 15:30:00;5000
539;85359.0;TR105/0002;Paiement en ligne;En attente;Thiès;2024-01-15 15:30:00;50000
10280;8501208.0;TR213/00002;Paiement en ligne;En attente;Thiès;2024-01-15 15:30:00;50000
508;85058.0;TR1/00510002;Paiement en ligne;En attente;Thiès;2024-01-15 15:30:00;5000
505;85505.0;TR1/0002;Paiement en ligne;Validé;Diourbel;2024-01-15 15:20:00;80000
525;85255.0;TR010/0002;Paiement en ligne;Validé;Thiès;2024-01-15 15:20:00;250000
1010;851001.0;TR204/00002;Paiement en ligne;En attente;Thiès;2024-01-15 15:20:00;560000
1003;851300.0;TR202/00002;Paiement en ligne;Validé;Thiès;2024-01-15 15:17:00;50000
10280;8501208.0;TR213/00025;ATM;Validé;Dakar;2024-01-15 15:15:00;3500
1016;851601.0;TR206/00002;Paiement en ligne;Validé;Thiès;2024-01-15 14:45:00;800000
1005;851500.0;TR203/0002;Paiement en ligne;Validé;Thiès;2024-01-15 14:30:00;50000
543;85453.0;TR107/0002;Paiement en ligne;En attente;Saint Louis;2024-01-15 14:30:00;50000
1031;851301.0; TR215/0002;Paiement en ligne;En attente;Thiès;2024-01-15 14:30:00;500000
10350;8501053.0;TR216/00006;Paiement électronique;Echoué;Saint Louis;2024-01-15 14:30:00;250000
10220;8512020.0;TR209/00002;Paiement en ligne;Validé;Thiès;2024-01-15 14:30:00;25000
1012;851021.0;TR204\_0/4;ATM;Validé;Tambacounda;2024-01-15 14:15:00;4000
1002;851020.0;TR201/00012;Paiement en ligne;En attente;Thiès;2024-01-15 14:00:00;650000
511;85151.0;TR4/0004;Paiement électronique;Validé;Ziguinchor;2024-01-15 14:00:00;10000
1034;851304.0;TR216/0002;Paiement en ligne;En attente;Dakar;2024-01-15 13:25:00;150000
1025;851205.0;TR210/1002;Paiement en ligne;En attente;Diourbel;2024-01-15 13:00:00;25000
501;85501.0;TR0/00002;Paiement en ligne;En attente;Thiès;2024-01-15 12:15:00;100000
551;85551.0;TR200/67890;Paiement en ligne;En attente;Saint Louis;2024-01-15 12:00:00;500000
551;85551.0;TR200/999999;Paiement en ligne;Echoué;Saint Louis;2024-01-15 12:00:00;500000
100280;85001208.0;TR214/00002;Paiement en ligne;Validé;Dakar;2024-01-15 11:30:00;120000
50139;85893421.0;TR4XCB2N;Paiement en ligne;En attente;Kédougou;2024-01-15 11:15:00;35000
1013;851301.0;TR205/00002;Paiement en ligne;Validé;Dakar;2024-01-15 10:30:00;500000
510;85051.0;TR3/0004;ATM;Validé;Tambacounda;2024-01-15 10:00:00;50000
535;85355.0;TR103/0004;ATM;Validé;Diourbel;2024-01-15 09:15:00;1500
1038;851083.0;TR217/004;ATM;Validé;Tambacounda;2024-01-15 08:15:00;3000
1026;851062.0;TR210/1018;Paiement électronique;En attente;Kaolack;2024-01-15 08:00:00;120000
537;85357.0;TR104/0004;ATM;Validé;Touba;2024-01-14 09:35:00;12000
10350;8501053.0;TR216/00005;Paiement en ligne;Validé;Kolda;2024-01-13 16:00:00;80000
537;85357.0;TR104/0003;Paiement électronique;En attente;Saint Louis;2024-01-13 15:20:00;55000
1034;851304.0;TR216/0013;ATM;En attente;Dakar;2024-01-12 16:00:00;20000
50987;85342111.0;TR5RST9G;Paiement électronique;Validé;Fatick;2024-01-12 15:00:00;120000
1041;851041.0;TR219/005;Paiement en ligne;Validé;Ziguinchor;2024-01-12 13:20:00;18000
537;85357.0;TR104/0002;Paiement en ligne;Validé;Thiès;2024-01-12 11:42:00;35000
517;85157.0;TR7/789012;Paiement électronique;Echoué;Kaffrine;2024-01-12 11:19:00;2500000
1022;851202.0;TR208/5678;ATM;Validé;Ziguinchor;2024-01-12 10:50:00;12000
518;85851.0;TR7/654321;Paiement en ligne;En attente;Matam;2024-01-11 15:51:00;650000
1009;851900.0;TR204/00013;ATM;Validé;Kédougou;2024-01-11 13:20:00;25000
537;85357.0;TR104/0001;ATM;Validé;Dakar;2024-01-11 12:05:00;2500
50462;850578.0;TR8GHN4D;ATM;Echoué;Ziguinchor;2024-01-10 18:00:00;3000
522;85251.0;TR9/00020;Paiement électronique;Validé;Tivaouane;2024-01-10 16:00:00;400000
549;85459.0;TR110/00013;ATM;Validé;Kaffrine;2024-01-10 15:30:00;3000
1037;851307.0;TR217/003;Paiement électronique;Echoué;Saint Louis;2024-01-10 15:00:00;750000
543;85453.0;TR107/0016;Paiement en ligne;Validé;Kaffrine;2024-01-10 14:30:00;52000
1041;851041.0;TR219/016;Paiement en ligne;Echoué;Mbour;2024-01-10 14:15:00;3500
524;85452.0;TR000/0020;Paiement en ligne;Validé;Dakar;2024-01-10 13:45:00;1000000
518;85851.0;TR7/123456;ATM;Validé;Kolda;2024-01-10 13:29:00;12000
500;85500.0;TR0/00015;Paiement électronique;Echoué;Podor;2024-01-10 12:00:00;5000000
10350;8501053.0;TR216/00004;ATM;Validé;Ziguinchor;2024-01-10 11:00:00;2000
522;85252.0;TR9/00019;ATM;En attente;Podor;2024-01-10 10:00:00;100000
1011;851101.0;TR204\_0/3;Paiement électronique;Echoué;Saint Louis;2024-01-10 09:45:00;200000
1017;851071.0;TR206/00017;ATM;Validé;Saint Louis;2024-01-10 09:30:00;50000
510;85590.0;TR3/0003;Paiement électronique;Echoué;Thiès;2024-01-10 08:45:00;5000
523;85253.0;TR000/0019;ATM;Validé;Ziguinchor;2024-01-10 08:00:00;25000
524;85452.0;TR000/0018;Paiement électronique;Validé;Diourbel;2024-01-09 16:15:00;400000
521;85251.0;TR9/00018;Paiement électronique;Validé;Dagana;2024-01-09 15:00:00;300000
521;85252.0;TR9/00017;Paiement en ligne;Validé;Bounkiling;2024-01-09 14:00:00;110000
523;85253.0;TR000/0017;Paiement en ligne;Validé;Dakar;2024-01-09 11:30:00;300000
517;85157.0;TR7/456789;Paiement électronique;Echoué;Podor;2024-01-09 07:35:00;1500000
524;85452.0;TR000/0016;ATM;Validé;Tambacounda;2024-01-08 15:45:00;10000
1005;851500.0;TR203/0022;ATM;Validé;Kaffrine;2024-01-08 15:30:00;2000
521;85251.0;TR9/00016;ATM;Echoué;Kédougou;2024-01-08 13:00:00;90000
1032;851023.0; TR215/0017;Paiement en ligne;Validé;Diourbel;2024-01-08 12:30:00;750000
523;85253.0;TR000/0015;Paiement électronique;Validé;Kaolack;2024-01-08 10:30:00;600000
517;85157.0;TR7/890123;Paiement en ligne;Validé;Ziguinchor;2024-01-08 10:14:00;250000
522;85251.0;TR9/00015;Paiement électronique;Validé;Goudiry;2024-01-08 09:00:00;160000
518;85851.0;TR7/234567;ATM;Validé;Saint Louis;2024-01-07 18:08:00;30000
521;85252.0;TR9/00014;Paiement en ligne;Validé;Sédhiou;2024-01-07 15:00:00;140000
524;85452.0;TR000/0014;Paiement en ligne;Validé;Dakar;2024-01-07 14:00:00;25000
1008;851080.0;TR204/00025;ATM;Validé;Dakar;2024-01-07 13:30:00;40000
534;85453.0;TR102/01-07-24;ATM;Validé;Dakar;2024-01-07 11:00:00;3200
522;85252.0;TR9/00013;ATM;Validé;Kaffrine;2024-01-07 10:00:00;10000
1024;854101.0;TR208/1234;Paiement électronique;Echoué;Touba;2024-01-07 09:15:00;800000
523;85253.0;TR000/0013;ATM;Validé;Saint Louis;2024-01-07 09:00:00;20000
524;85452.0;TR000/0012;Paiement électronique;En attente;Thiès;2024-01-06 17:00:00;70000
521;85251.0;TR9/00012;Paiement électronique;En attente;Matam;2024-01-06 16:00:00;500000
521;85252.0;TR9/00011;Paiement en ligne;Validé;Bambey;2024-01-06 15:00:00;130000
518;85851.0;TR7/567890;Paiement électronique;En attente;Kaolack;2024-01-06 12:26:00;1200000
523;85253.0;TR000/0011;Paiement en ligne;Validé;Dakar;2024-01-06 12:00:00;150000
1023;851032.0;TR208/7890;Paiement en ligne;En attente;Saint Louis;2024-01-05 16:20:00;50000
517;85157.0;TR7/901234;Paiement en ligne;Validé;Fatick;2024-01-05 16:01:00;75000
524;85452.0;TR000/0010;ATM;Echoué;Kolda;2024-01-05 15:30:00;1000
1011;851101.0;TR204\_0/2;Paiement en ligne;En attente;Thiès;2024-01-05 15:30:00;50000
1040;851400.0;TR219/002;Paiement en ligne;En attente;Saint Louis;2024-01-05 15:30:00;5000
509;85051.0;TR3/0002;Paiement en ligne;En attente;Saint Louis;2024-01-05 14:30:00;250000
501;85501.0;TR0/00014;Paiement en ligne;Validé;Tivaouane;2024-01-05 14:15:00;1000
507;85705.0;TR1/00510013;ATM;En attente;Podor;2024-01-05 14:00:00;2000
1026;851062.0;TR210/1017;Paiement en ligne;Echoué;Saint Louis;2024-01-05 14:00:00;90000
1033;851033.0; TR215/0009;Paiement électronique;En attente;Tivaouane;2024-01-05 13:45:00;450000
540;85054.0;TR105/0001;Paiement en ligne;En attente;Dakar;2024-01-05 13:00:00;60000
1037;851307.0;TR217/002;Paiement en ligne;En attente;Diourbel;2024-01-05 12:20:00;50000
10300;8501030.0;TR213/00009;Paiement électronique;Validé;Richard Toll;2024-01-05 12:10:00;150000
535;85355.0;TR103/0003;Paiement électronique;Echoué;Tambacounda;2024-01-05 11:20:00;1200000
521;85251.0;TR9/00010;ATM;Echoué;Louga;2024-01-05 11:00:00;80000
1007;851700.0;TR204/00017;ATM;Validé;Dakar;2024-01-05 11:00:00;50000
1015;855101.0;TR205/00009;Paiement électronique;Validé;Kaolack;2024-01-05 10:30:00;2000000
523;85253.0;TR000/0009;Paiement électronique;Validé;Matam;2024-01-05 10:15:00;500000
550;85055.0;TR110/00012;Paiement électronique;Validé;Sédhiou;2024-01-05 10:00:00;2000000
51234;859999.0;TR9YZAB0;ATM;Validé;Matam;2024-01-05 10:00:00;15000
10340;8501304.0;TR216/00003;Paiement électronique;Echoué;Tambacounda;2024-01-05 09:15:00;120000
522;85251.0;TR9/00009;Paiement électronique;Validé;Fatick;2024-01-05 09:00:00;150000
506;85605.0;TR1/0009;Paiement électronique;Validé;Dakar;2024-01-05 08:50:00;350000
532;85253.0;TR101/00011;ATM;Validé;Dakar;2024-01-05 08:45:00;1800
10037;8513007.0;TR218/0004;ATM;Validé;Tambacounda;2024-01-04 21:00:00;12500
503;85503.0;TR00/0004;ATM;Validé;Kaolack;2024-01-04 17:15:00;2500
1018;858101.0;TR206/00009;ATM;Validé;Kaolack;2024-01-04 16:00:00;60000
524;85452.0;TR000/0008;Paiement en ligne;En attente;Ziguinchor;2024-01-04 13:00:00;20000
521;85252.0;TR9/00008;Paiement en ligne;Validé;Kaolack;2024-01-04 13:00:00;100000
517;85157.0;TR7/345678;ATM;Validé;Diourbel;2024-01-04 11:15:00;8000
1030;850103.0;TR212/0004;Paiement électronique;Validé;Saint Louis;2024-01-04 11:15:00;80000
1010;851001.0;TR204/00012;Paiement électronique;Validé;Matam;2024-01-04 11:00:00;1750000
505;85305.0;TR1/001700;Paiement en ligne;Echoué;Ziguinchor;2024-01-04 11:00:00;10000000
520;85052.0;TR8/0019;ATM;Validé;Dagana;2024-01-04 10:00:00;10000
545;85455.0;TR108/00017;Paiement électronique;Validé;Dakar;2024-01-04 09:00:00;600000
523;85253.0;TR000/0007;ATM;Validé;Kaolack;2024-01-04 08:45:00;15000
1028;851208.0;TR212/0020;ATM;Validé;Guédiawaye;2024-01-04 08:30:00;25000
522;85252.0;TR9/00007;ATM;En attente;Diourbel;2024-01-04 08:00:00;70000
10037;8513007.0;TR218/0003;Paiement électronique;Echoué;Saint Louis;2024-01-03 17:45:00;750000
526;85652.0;TR010/0011;ATM;Validé;Dakar;2024-01-03 16:00:00;6500
524;85452.0;TR000/0006;Paiement électronique;Validé;Diourbel;2024-01-03 16:00:00;300000
10340;8501304.0;TR216/00002;Paiement en ligne;En attente;Thiès;2024-01-03 15:30:00;50000
521;85251.0;TR9/00006;Paiement électronique;Validé;Kolda;2024-01-03 14:00:00;550000
1002;851020.0;TR201/00011;ATM;Validé;Dakar;2024-01-03 12:00:00;45000
523;85253.0;TR000/0005;Paiement en ligne;Validé;Dakar;2024-01-03 11:00:00;80000
1028;851208.0;TR212/0019;ATM;Validé;Pikine;2024-01-03 11:00:00;15000
546;85654.0;TR108/00013;Paiement en ligne;En attente;Dakar;2024-01-03 11:00:00;80000
521;85252.0;TR9/00005;Paiement en ligne;Validé;Ziguinchor;2024-01-03 10:00:00;120000
504;85405.0;TR1/001500;Paiement électronique;En attente;Diourbel;2024-01-03 10:00:00;600000
1028;851208.0;TR212/0003;ATM;Echoué;Dakar;2024-01-03 09:30:00;5000
517;85157.0;TR7/789012;Paiement électronique;Echoué;Tambacounda;2024-01-03 09:22:00;2000000
502;85502.0;TR00/0003;Paiement électronique;Echoué;Saint Louis;2024-01-03 09:20:00;100000
1040;851400.0;TR219/024;ATM;Echoué;Kédougou;2024-01-03 09:15:00;1000
511;85151.0;TR4/0003;Paiement électronique;Echoué;Tambacounda;2024-01-03 08:15:00;2500
1006;851060.0;TR203/0007;ATM;Validé;Ziguinchor;2024-01-03 08:15:00;2500
1008;851080.0;TR204/00009;ATM;Validé;Dakar;2024-01-03 08:00:00;60000
1029;851092.0;TR212/0018;Paiement en ligne;En attente;Rufisque;2024-01-02 18:15:00;40000
522;85251.0;TR9/00004;ATM;Echoué;Saint Louis;2024-01-02 17:00:00;50000
515;85155.0;TR6/2;Paiement en ligne;En attente;Dakar;2024-01-02 16:30:00;55000
503;85503.0;TR00/0002;Paiement en ligne;En attente;Thiès;2024-01-02 15:45:00;20000
1029;851092.0;TR212/0002;Paiement en ligne;En attente;Thiès;2024-01-02 15:45:00;35000
518;85851.0;TR7/654321;Paiement en ligne;En attente;Thiès;2024-01-02 15:03:00;500000
524;85452.0;TR000/0004;ATM;En attente;Tambacounda;2024-01-02 14:30:00;6000
10037;8513007.0;TR218/0002;Paiement en ligne;En attente;Thiès;2024-01-02 14:30:00;50000
10250;8512005.0;TR211/00002;Paiement en ligne;En attente;Touba;2024-01-02 14:30:00;50000
506;85605.0;TR1/0010;ATM;En attente;Diourbel;2024-01-02 13:30:00;2000
100280;85001208.0;TR214/00013;ATM;Validé;Dakar;2024-01-02 12:00:00;18000
10290;8510092.0;TR213/00017;Paiement en ligne;Validé;Tambacounda;2024-01-02 12:00:00;55000
52369;8542198.0;TR6STUV5;Paiement en ligne;Validé;Sédhiou;2024-01-02 12:00:00;5000
50785;850578.0;TR6OPQ8R;Paiement électronique;Validé;Kolda;2024-01-02 11:00:00;4000
511;85151.0;TR4/0002;Paiement en ligne;En attente;Saint Louis;2024-01-02 10:30:00;5000
1001;851100.0;TR201/00002;Paiement en ligne;En attente;Thiès;2024-01-02 10:30:00;1250000
523;85253.0;TR000/0003;Paiement électronique;Validé;Saint Louis;2024-01-02 09:15:00;250000
50512;85123456.0;TR9PQR7S;ATM;Validé;Diourbel;2024-01-02 09:00:00;10000
521;85251.0;TR9/00003;Paiement électronique;En attente;Tambacounda;2024-01-02 09:00:00;250000
545;85455.0;TR108/00009;Paiement en ligne;Validé;Dakar;2024-01-02 08:30:00;75000
516;85651.0;TR6/19;ATM;Validé;Tambacounda;2024-01-01 18:00:00;16000
536;85653.0;TR103/0002;Paiement en ligne;En attente;Thiès;2024-01-01 15:45:00;50000
524;85452.0;TR000/0002;Paiement en ligne;Validé;Thiès;2024-01-01 15:45:00;120000
521;85252.0;TR9/00002;Paiement en ligne;Validé;Thiès;2024-01-01 15:00:00;35000
1022;851202.0;TR208/2345;ATM;Validé;Dakar;2024-01-01 14:30:00;2500
516;85651.0;TR6/8;Paiement en ligne;Validé;Kaolack;2024-01-01 14:00:00;65000
1030;850103.0;TR212/0017;Paiement électronique;Validé;Tivaouane;2024-01-01 13:20:00;100000
515;85155.0;TR6/14;Paiement en ligne;Validé;Dakar;2024-01-01 12:30:00;45000
1025;851205.0;TR210/1001;ATM;Validé;Dakar;2024-01-01 12:00:00;2000
509;85590.0;TR3/0001;ATM;Validé;Dakar;2024-01-01 12:00:00;15000
511;85151.0;TR4/0001;ATM;Validé;Dakar;2024-01-01 12:00:00;1000
504;85405.0;TR1/000100;ATM;Validé;Dakar;2024-01-01 12:00:00;5000
535;85355.0;TR103/0001;ATM;Validé;Dakar;2024-01-01 10:30:00;2500
502;85502.0;TR00/0001;ATM;Validé;Dakar;2024-01-01 10:30:00;5000
1007;851700.0;TR204/00001;ATM;Validé;Dakar;2024-01-01 10:30:00;50000
519;85159.0;TR8/0001;ATM;Validé;Dakar;2024-01-01 10:30:00;3500
505;85505.0;TR1/0001;ATM;Validé;Dakar;2024-01-01 10:30:00;5000
525;85255.0;TR010/0001;ATM;Validé;Dakar;2024-01-01 10:30:00;5000
517;85157.0;TR7/123456;ATM;Validé;Dakar;2024-01-01 10:30:00;15000
1034;851304.0;TR216/0001;ATM;Validé;Dakar;2024-01-01 10:30:00;30000
1003;851300.0;TR202/00001;ATM;Validé;Dakar;2024-01-01 10:30:00;5000
523;85253.0;TR000/0001;ATM;Validé;Dakar;2024-01-01 10:30:00;3500
1009;851900.0;TR204/00001;ATM;Validé;Dakar;2024-01-01 10:30:00;35000
1016;851601.0;TR206/00001;ATM;Validé;Dakar;2024-01-01 10:30:00;50000
546;85654.0;TR108/00005;ATM;Validé;Dakar;2024-01-01 10:15:00;2000
10280;8501208.0;TR213/00001;ATM;Validé;Dakar;2024-01-01 10:01:00;2500
1019;851901.0;TR207/000001;ATM;Validé;Dakar;2024-01-01 10:01:00;4500
100280;85001208.0;TR214/00001;ATM;Validé;Dakar;2024-01-01 10:00:00;20000
549;85459.0;TR110/00001;ATM;Validé;Dakar;2024-01-01 10:00:00;2000
521;85251.0;TR9/00001;ATM;Validé;Dakar;2024-01-01 10:00:00;15000
515;85155.0;TR6/1;ATM;Validé;Dakar;2024-01-01 10:00:00;15000
1028;851208.0;TR212/0001;ATM;Validé;Dakar;2024-01-01 10:00:00;2500
507;85705.0;TR1/00510001;ATM;Validé;Dakar;2024-01-01 10:00:00;2500
531;85351.0;TR101/00001;ATM;Validé;Dakar;2024-01-01 10:00:00;1500
543;85453.0;TR107/0001;ATM;Validé;Dakar;2024-01-01 10:00:00;2000
1040;851400.0;TR219/001;ATM;Validé;Dakar;2024-01-01 10:00:00;1500
10340;8501304.0;TR216/00001;ATM;Validé;Dakar;2024-01-01 10:00:00;5000
1031;851301.0; TR215/0001;ATM;Validé;Dakar;2024-01-01 10:00:00;30000
1011;851101.0;TR204\_0/1;ATM;Validé;Dakar;2024-01-01 10:00:00;3000
533;85353.0;TR102/01-01-24;ATM;Validé;Dakar;2024-01-01 10:00:00;2500
539;85359.0;TR105/0001;ATM;Validé;Dakar;2024-01-01 10:00:00;2000
10250;8512005.0;TR211/00001;ATM;Validé;Dakar;2024-01-01 10:00:00;2500
37;851307.0;TR217/001;ATM;Validé;Dakar;2024-01-01 09:30:00;2500
500;85500.0;TR0/00001;ATM;Validé;Dakar;2024-01-01 09:30:00;50000
1005;851500.0;TR203/0001;ATM;Validé;Dakar;2024-01-01 09:30:00;2000
10037;8513007.0;TR218/0001;ATM;Validé;Dakar;2024-01-01 09:15:00;2500
10220;8512020.0;TR209/00001;ATM;Validé;Dakar;2024-01-01 09:00:00;5000
545;85455.0;TR108/00001;ATM;Validé;Dakar;2024-01-01 09:00:00;3000
1001;851100.0;TR201/00001;ATM;Validé;Dakar;2024-01-01 09:00:00;35000
1013;851301.0;TR205/00001;ATM;Validé;Dakar;2024-01-01 09:00:00;20000
551;85551.0;TR200/12345;ATM;Validé;Dakar;2024-01-01 08:00:00;30000
551;85551.0;TR200/888888;ATM;Validé;Dakar;2024-01-01 08:00:00;30000
